time_s,controller_mode,frequency_hz,frequency_deviation_hz,source_voltage_pu,pcc_voltage_pu,min_feeder_voltage_pu,max_feeder_voltage_pu,measured_voltage_pu,p_command_kw,p_feasible_kw,p_rule_kw,p_actual_kw,aggregate_p_kw,q_command_kvar,q_actual_kvar,aggregate_q_kvar,apparent_kva,temperature_c,measured_temperature_c,compressor_speed_hz,cop,id_a,iq_a,id_ref_a,iq_ref_a,current_saturated,ramp_limited,dmpc_status_ok,controller_compute_time_s,feeder_extra_load_kw,feeder_extra_load_kvar
0.000000000000000000e+00,0.000000000000000000e+00,6.000000000000000000e+01,0.000000000000000000e+00,1.000000000000000000e+00,9.855939241960821606e-01,9.466018068641821603e-01,1.062132285763096373e+00,9.855911993452073361e-01,2.000000000000000000e+00,2.000000000000000000e+00,2.000000000000000000e+00,2.000000000000000444e+00,1.000000000000000227e+03,0.000000000000000000e+00,0.000000000000000000e+00,0.000000000000000000e+00,2.000000000000000444e+00,2.342168969023378367e+01,2.341346555457291601e+01,7.599058985767791796e+01,1.524748452462234116e+00,1.194344637290315880e+01,1.867062984407852344e-02,8.333333333333333925e+00,0.000000000000000000e+00,0.000000000000000000e+00,0.000000000000000000e+00,1.000000000000000000e+00,5.100038833916187286e-06,0.000000000000000000e+00,0.000000000000000000e+00
5.000000000000000000e+00,0.000000000000000000e+00,6.000000000000000000e+01,0.000000000000000000e+00,1.000000000000000000e+00,9.855939241960821606e-01,9.466018068641821603e-01,1.062132285763096373e+00,9.846845826257387690e-01,2.000000000000000000e+00,2.000000000000000000e+00,2.000000000000000000e+00,2.000000000000000444e+00,1.000000000000000227e+03,0.000000000000000000e+00,0.000000000000000000e+00,0.000000000000000000e+00,2.000000000000000444e+00,2.342165742909618587e+01,2.342346173717410807e+01,7.599058985767791796e+01,1.524747042104710459e+00,1.194344637290315703e+01,1.867062984409706416e-02,8.455138702412934748e+00,0.000000000000000000e+00,0.000000000000000000e+00,0.000000000000000000e+00,1.000000000000000000e+00,2.900022082030773163e-06,0.000000000000000000e+00,0.000000000000000000e+00
1.000000000000000000e+01,0.000000000000000000e+00,6.000000000000000000e+01,0.000000000000000000e+00,1.000000000000000000e+00,9.855939241960821606e-01,9.466018068641821603e-01,1.062132285763096373e+00,9.846095111589795446e-01,2.000000000000000000e+00,2.000000000000000000e+00,2.000000000000000000e+00,2.000000000000000444e+00,1.000000000000000227e+03,0.000000000000000000e+00,0.000000000000000000e+00,0.000000000000000000e+00,2.000000000000000444e+00,2.342162516805638717e+01,2.343632042956194184e+01,7.599058985767791796e+01,1.524745631751462049e+00,1.194344637290315880e+01,1.867062984407852344e-02,8.455138702412934748e+00,0.000000000000000000e+00,0.000000000000000000e+00,0.000000000000000000e+00,1.000000000000000000e+00,3.000022843480110168e-06,0.000000000000000000e+00,0.000000000000000000e+00
1.500000000000000000e+01,0.000000000000000000e+00,6.000000000000000000e+01,0.000000000000000000e+00,1.000000000000000000e+00,9.855939241960821606e-01,9.466018068641821603e-01,1.062132285763096373e+00,9.858047526940779681e-01,2.000000000000000000e+00,2.000000000000000000e+00,2.000000000000000000e+00,2.000000000000000444e+00,1.000000000000000227e+03,0.000000000000000000e+00,0.000000000000000000e+00,0.000000000000000000e+00,2.000000000000000444e+00,2.342159290711438757e+01,2.342071535244048874e+01,7.599058985767791796e+01,1.524744221402489330e+00,1.194344637290315880e+01,1.867062984407841242e-02,8.455138702412934748e+00,0.000000000000000000e+00,0.000000000000000000e+00,0.000000000000000000e+00,1.000000000000000000e+00,3.300025127828121185e-06,0.000000000000000000e+00,0.000000000000000000e+00
2.000000000000000000e+01,0.000000000000000000e+00,6.000000000000000000e+01,0.000000000000000000e+00,1.000000000000000000e+00,9.855939241960821606e-01,9.466018068641821603e-01,1.062132285763096373e+00,9.829054951015120389e-01,2.000000000000000000e+00,2.000000000000000000e+00,2.000000000000000000e+00,2.000000000000000444e+00,1.000000000000000227e+03,0.000000000000000000e+00,0.000000000000000000e+00,0.000000000000000000e+00,2.000000000000000444e+00,2.342156064627018708e+01,2.336452396407616305e+01,7.599058985767791796e+01,1.524742811057792080e+00,1.194344637290316058e+01,1.867062984407708015e-02,8.455138702412934748e+00,0.000000000000000000e+00,0.000000000000000000e+00,0.000000000000000000e+00,1.000000000000000000e+00,3.900029696524143219e-06,0.000000000000000000e+00,0.000000000000000000e+00
2.500000000000000000e+01,0.000000000000000000e+00,6.000000000000000000e+01,0.000000000000000000e+00,1.000000000000000000e+00,9.855939241960821606e-01,9.466018068641821603e-01,1.062132285763096373e+00,9.819104541204987102e-01,2.000000000000000000e+00,2.000000000000000000e+00,2.000000000000000000e+00,2.000000000000000444e+00,1.000000000000000227e+03,0.000000000000000000e+00,0.000000000000000000e+00,0.000000000000000000e+00,2.000000000000000444e+00,2.342152838552378924e+01,2.338350499108047842e+01,7.599058985767791796e+01,1.524741400717370299e+00,1.194344637290315880e+01,1.867062984407841242e-02,8.455138702412934748e+00,0.000000000000000000e+00,0.000000000000000000e+00,0.000000000000000000e+00,1.000000000000000000e+00,3.700028173625469208e-06,0.000000000000000000e+00,0.000000000000000000e+00
3.000000000000000000e+01,0.000000000000000000e+00,6.000000000000000000e+01,0.000000000000000000e+00,1.000000000000000000e+00,9.855939241960821606e-01,9.466018068641821603e-01,1.062132285763096373e+00,9.859074263693305973e-01,2.000000000000000000e+00,2.000000000000000000e+00,2.000000000000000000e+00,2.000000000000000444e+00,1.000000000000000227e+03,0.000000000000000000e+00,0.000000000000000000e+00,0.000000000000000000e+00,2.000000000000000444e+00,2.342149612487519050e+01,2.334599333355057382e+01,7.599058985767791796e+01,1.524739990381224208e+00,1.194344637290316058e+01,1.867062984407708015e-02,8.455138702412934748e+00,0.000000000000000000e+00,0.000000000000000000e+00,0.000000000000000000e+00,1.000000000000000000e+00,5.100038833916187286e-06,0.000000000000000000e+00,0.000000000000000000e+00
3.500000000000000000e+01,0.000000000000000000e+00,6.000000000000000000e+01,0.000000000000000000e+00,1.000000000000000000e+00,9.855939241960821606e-01,9.466018068641821603e-01,1.062132285763096373e+00,9.854969223052799654e-01,2.000000000000000000e+00,2.000000000000000000e+00,2.000000000000000000e+00,2.000000000000000444e+00,1.000000000000000227e+03,0.000000000000000000e+00,0.000000000000000000e+00,0.000000000000000000e+00,2.000000000000000444e+00,2.342146386432438732e+01,2.337555979135922612e+01,7.599058985767791796e+01,1.524738580049353365e+00,1.194344637290315703e+01,1.867062984409617599e-02,8.455138702412934748e+00,0.000000000000000000e+00,0.000000000000000000e+00,0.000000000000000000e+00,1.000000000000000000e+00,3.999914042651653290e-06,0.000000000000000000e+00,0.000000000000000000e+00
4.000000000000000000e+01,0.000000000000000000e+00,6.000000000000000000e+01,0.000000000000000000e+00,1.000000000000000000e+00,9.855939241960821606e-01,9.466018068641821603e-01,1.062132285763096373e+00,9.836368860399689051e-01,2.000000000000000000e+00,2.000000000000000000e+00,2.000000000000000000e+00,2.000000000000000444e+00,1.000000000000000227e+03,0.000000000000000000e+00,0.000000000000000000e+00,0.000000000000000000e+00,2.000000000000000444e+00,2.342143160387138323e+01,2.345325856257296593e+01,7.599058985767791796e+01,1.524737169721757768e+00,1.194344637290315703e+01,1.867062984409617599e-02,8.455138702412934748e+00,0.000000000000000000e+00,0.000000000000000000e+00,0.000000000000000000e+00,1.000000000000000000e+00,4.900037311017513275e-06,0.000000000000000000e+00,0.000000000000000000e+00
4.500000000000000000e+01,0.000000000000000000e+00,6.000000000000000000e+01,0.000000000000000000e+00,1.000000000000000000e+00,9.855939241960821606e-01,9.466018068641821603e-01,1.062132285763096373e+00,9.855288807861911637e-01,2.000000000000000000e+00,2.000000000000000000e+00,2.000000000000000000e+00,2.000000000000000444e+00,1.000000000000000227e+03,0.000000000000000000e+00,0.000000000000000000e+00,0.000000000000000000e+00,2.000000000000000444e+00,2.342139934351618180e+01,2.340389133053388449e+01,7.599058985767791796e+01,1.524735759398438084e+00,1.194344637290316058e+01,1.867062984407708015e-02,8.455138702412934748e+00,0.000000000000000000e+00,0.000000000000000000e+00,0.000000000000000000e+00,1.000000000000000000e+00,4.800036549568176270e-06,0.000000000000000000e+00,0.000000000000000000e+00
5.000000000000000000e+01,0.000000000000000000e+00,6.000000000000000000e+01,0.000000000000000000e+00,1.000000000000000000e+00,9.855939241960821606e-01,9.466018068641821603e-01,1.062132285763096373e+00,9.858148524825811609e-01,2.000000000000000000e+00,2.000000000000000000e+00,2.000000000000000000e+00,2.000000000000000444e+00,1.000000000000000227e+03,0.000000000000000000e+00,0.000000000000000000e+00,0.000000000000000000e+00,2.000000000000000444e+00,2.342136708325877947e+01,2.338461540846624942e+01,7.599058985767791796e+01,1.524734349079393869e+00,1.194344637290315703e+01,1.867062984409617599e-02,8.455138702412934748e+00,0.000000000000000000e+00,0.000000000000000000e+00,0.000000000000000000e+00,1.000000000000000000e+00,4.500034265220165253e-06,0.000000000000000000e+00,0.000000000000000000e+00
5.500000000000000000e+01,0.000000000000000000e+00,6.000000000000000000e+01,0.000000000000000000e+00,1.000000000000000000e+00,9.855939241960821606e-01,9.466018068641821603e-01,1.062132285763096373e+00,9.883115710395652398e-01,2.000000000000000000e+00,2.000000000000000000e+00,2.000000000000000000e+00,2.000000000000000444e+00,1.000000000000000227e+03,0.000000000000000000e+00,0.000000000000000000e+00,0.000000000000000000e+00,2.000000000000000444e+00,2.342133482309916914e+01,2.344711630373981848e+01,7.599058985767791796e+01,1.524732938764624679e+00,1.194344637290315880e+01,1.867062984408029980e-02,8.455138702412934748e+00,0.000000000000000000e+00,0.000000000000000000e+00,0.000000000000000000e+00,1.000000000000000000e+00,4.500034265220165253e-06,0.000000000000000000e+00,0.000000000000000000e+00
6.000000000000000000e+01,0.000000000000000000e+00,6.000000000000000000e+01,0.000000000000000000e+00,1.000000000000000000e+00,9.855939241960821606e-01,9.466018068641821603e-01,1.062132285763096373e+00,9.843109834078677123e-01,2.000000000000000000e+00,2.000000000000000000e+00,2.000000000000000000e+00,2.000000000000000444e+00,1.000000000000000227e+03,0.000000000000000000e+00,0.000000000000000000e+00,0.000000000000000000e+00,2.000000000000000444e+00,2.342130256303735791e+01,2.344417035439989760e+01,7.599058985767791796e+01,1.524731528454131180e+00,1.194344637290316058e+01,1.867062984407730220e-02,8.455138702412934748e+00,0.000000000000000000e+00,0.000000000000000000e+00,0.000000000000000000e+00,1.000000000000000000e+00,4.800036549568176270e-06,0.000000000000000000e+00,0.000000000000000000e+00
6.500000000000000000e+01,0.000000000000000000e+00,6.000000000000000000e+01,0.000000000000000000e+00,1.000000000000000000e+00,9.855939241960821606e-01,9.466018068641821603e-01,1.062132285763096373e+00,9.857429566536251020e-01,2.000000000000000000e+00,2.000000000000000000e+00,2.000000000000000000e+00,2.000000000000000444e+00,1.000000000000000227e+03,0.000000000000000000e+00,0.000000000000000000e+00,0.000000000000000000e+00,2.000000000000000444e+00,2.342127030307334579e+01,2.341560683931282227e+01,7.599058985767791796e+01,1.524730118147912927e+00,1.194344637290315880e+01,1.867062984407841242e-02,8.455138702412934748e+00,0.000000000000000000e+00,0.000000000000000000e+00,0.000000000000000000e+00,1.000000000000000000e+00,6.000045686960220337e-06,0.000000000000000000e+00,0.000000000000000000e+00
7.000000000000000000e+01,0.000000000000000000e+00,6.000000000000000000e+01,0.000000000000000000e+00,1.000000000000000000e+00,9.855939241960821606e-01,9.466018068641821603e-01,1.062132285763096373e+00,9.854608895557833703e-01,2.000000000000000000e+00,2.000000000000000000e+00,2.000000000000000000e+00,2.000000000000000444e+00,1.000000000000000227e+03,0.000000000000000000e+00,0.000000000000000000e+00,0.000000000000000000e+00,2.000000000000000444e+00,2.342123804320712921e+01,2.346439372095681364e+01,7.599058985767791796e+01,1.524728707845970144e+00,1.194344637290316058e+01,1.867062984407708015e-02,8.455138702412934748e+00,0.000000000000000000e+00,0.000000000000000000e+00,0.000000000000000000e+00,1.000000000000000000e+00,3.600027412176132202e-06,0.000000000000000000e+00,0.000000000000000000e+00
7.500000000000000000e+01,0.000000000000000000e+00,6.000000000000000000e+01,0.000000000000000000e+00,1.000000000000000000e+00,9.855939241960821606e-01,9.466018068641821603e-01,1.062132285763096373e+00,9.860002014168613993e-01,2.000000000000000000e+00,2.000000000000000000e+00,2.000000000000000000e+00,2.000000000000000444e+00,1.000000000000000227e+03,0.000000000000000000e+00,0.000000000000000000e+00,0.000000000000000000e+00,2.000000000000000444e+00,2.342120578343871173e+01,2.342502383577548741e+01,7.599058985767791796e+01,1.524727297548302829e+00,1.194344637290315703e+01,1.867062984409617599e-02,8.455138702412934748e+00,0.000000000000000000e+00,0.000000000000000000e+00,0.000000000000000000e+00,1.000000000000000000e+00,2.500019036233425140e-06,0.000000000000000000e+00,0.000000000000000000e+00
8.000000000000000000e+01,0.000000000000000000e+00,6.000000000000000000e+01,0.000000000000000000e+00,1.000000000000000000e+00,9.855939241960821606e-01,9.466018068641821603e-01,1.062132285763096373e+00,9.844353210030768464e-01,2.000000000000000000e+00,2.000000000000000000e+00,2.000000000000000000e+00,2.000000000000000444e+00,1.000000000000000227e+03,0.000000000000000000e+00,0.000000000000000000e+00,0.000000000000000000e+00,2.000000000000000444e+00,2.342117352376808981e+01,2.344813643993110119e+01,7.599058985767791796e+01,1.524725887254910761e+00,1.194344637290316058e+01,1.867062984407708015e-02,8.455138702412934748e+00,0.000000000000000000e+00,0.000000000000000000e+00,0.000000000000000000e+00,1.000000000000000000e+00,3.900029696524143219e-06,0.000000000000000000e+00,0.000000000000000000e+00
8.500000000000000000e+01,0.000000000000000000e+00,6.000000000000000000e+01,0.000000000000000000e+00,1.000000000000000000e+00,9.855939241960821606e-01,9.466018068641821603e-01,1.062132285763096373e+00,9.829468686111136888e-01,2.000000000000000000e+00,2.000000000000000000e+00,2.000000000000000000e+00,2.000000000000000444e+00,1.000000000000000227e+03,0.000000000000000000e+00,0.000000000000000000e+00,0.000000000000000000e+00,2.000000000000000444e+00,2.342114126419526343e+01,2.344054836687246635e+01,7.599058985767791796e+01,1.524724476965794162e+00,1.194344637290315703e+01,1.867062984409617599e-02,8.455138702412934748e+00,0.000000000000000000e+00,0.000000000000000000e+00,0.000000000000000000e+00,1.000000000000000000e+00,3.300025127828121185e-06,0.000000000000000000e+00,0.000000000000000000e+00
9.000000000000000000e+01,0.000000000000000000e+00,6.000000000000000000e+01,0.000000000000000000e+00,1.000000000000000000e+00,9.855939241960821606e-01,9.466018068641821603e-01,1.062132285763096373e+00,9.846675844661774146e-01,2.000000000000000000e+00,2.000000000000000000e+00,2.000000000000000000e+00,2.000000000000000444e+00,1.000000000000000227e+03,0.000000000000000000e+00,0.000000000000000000e+00,0.000000000000000000e+00,2.000000000000000444e+00,2.342110900472023616e+01,2.345881945403884217e+01,7.599058985767791796e+01,1.524723066680952588e+00,1.194344637290315880e+01,1.867062984408029980e-02,8.455138702412934748e+00,0.000000000000000000e+00,0.000000000000000000e+00,0.000000000000000000e+00,1.000000000000000000e+00,4.600035026669502258e-06,0.000000000000000000e+00,0.000000000000000000e+00
9.500000000000000000e+01,0.000000000000000000e+00,6.000000000000000000e+01,0.000000000000000000e+00,1.000000000000000000e+00,9.855939241960821606e-01,9.466018068641821603e-01,1.062132285763096373e+00,9.849394973556377941e-01,2.000000000000000000e+00,2.000000000000000000e+00,2.000000000000000000e+00,2.000000000000000444e+00,1.000000000000000227e+03,0.000000000000000000e+00,0.000000000000000000e+00,0.000000000000000000e+00,2.000000000000000444e+00,2.342107674534300088e+01,2.341357088332746272e+01,7.599058985767791796e+01,1.524721656400386705e+00,1.194344637290315880e+01,1.867062984408029980e-02,8.455138702412934748e+00,0.000000000000000000e+00,0.000000000000000000e+00,0.000000000000000000e+00,1.000000000000000000e+00,4.600035026669502258e-06,0.000000000000000000e+00,0.000000000000000000e+00
1.000000000000000000e+02,0.000000000000000000e+00,6.000000000000000000e+01,0.000000000000000000e+00,1.000000000000000000e+00,9.855939241960821606e-01,9.466018068641821603e-01,1.062132285763096373e+00,9.847378743109364008e-01,2.000000000000000000e+00,2.000000000000000000e+00,2.000000000000000000e+00,2.000000000000000444e+00,1.000000000000000227e+03,0.000000000000000000e+00,0.000000000000000000e+00,0.000000000000000000e+00,2.000000000000000444e+00,2.342104448606356115e+01,2.343162215808212068e+01,7.599058985767791796e+01,1.524720246124096068e+00,1.194344637290315880e+01,1.867062984407841242e-02,8.455138702412934748e+00,0.000000000000000000e+00,0.000000000000000000e+00,0.000000000000000000e+00,1.000000000000000000e+00,4.800036549568176270e-06,0.000000000000000000e+00,0.000000000000000000e+00
1.050000000000000000e+02,0.000000000000000000e+00,6.000000000000000000e+01,0.000000000000000000e+00,1.000000000000000000e+00,9.855939241960821606e-01,9.466018068641821603e-01,1.062132285763096373e+00,9.851993557401507173e-01,2.000000000000000000e+00,2.000000000000000000e+00,2.000000000000000000e+00,2.000000000000000444e+00,1.000000000000000227e+03,0.000000000000000000e+00,0.000000000000000000e+00,0.000000000000000000e+00,2.000000000000000444e+00,2.342101222688191342e+01,2.342066658284075586e+01,7.599058985767791796e+01,1.524718835852080234e+00,1.194344637290315880e+01,1.867062984408029980e-02,8.455138702412934748e+00,0.000000000000000000e+00,0.000000000000000000e+00,0.000000000000000000e+00,1.000000000000000000e+00,3.300025127828121185e-06,0.000000000000000000e+00,0.000000000000000000e+00
1.100000000000000000e+02,0.000000000000000000e+00,6.000000000000000000e+01,0.000000000000000000e+00,1.000000000000000000e+00,9.855939241960821606e-01,9.466018068641821603e-01,1.062132285763096373e+00,9.879261797484626406e-01,2.000000000000000000e+00,2.000000000000000000e+00,2.000000000000000000e+00,2.000000000000000444e+00,1.000000000000000227e+03,0.000000000000000000e+00,0.000000000000000000e+00,0.000000000000000000e+00,2.000000000000000444e+00,2.342097996779806479e+01,2.342025565940776843e+01,7.599058985767791796e+01,1.524717425584340091e+00,1.194344637290315880e+01,1.867062984408029980e-02,8.455138702412934748e+00,0.000000000000000000e+00,0.000000000000000000e+00,0.000000000000000000e+00,1.000000000000000000e+00,4.800036549568176270e-06,0.000000000000000000e+00,0.000000000000000000e+00
1.150000000000000000e+02,0.000000000000000000e+00,6.000000000000000000e+01,0.000000000000000000e+00,1.000000000000000000e+00,9.855939241960821606e-01,9.466018068641821603e-01,1.062132285763096373e+00,9.849141850926558250e-01,2.000000000000000000e+00,2.000000000000000000e+00,2.000000000000000000e+00,2.000000000000000444e+00,1.000000000000000227e+03,0.000000000000000000e+00,0.000000000000000000e+00,0.000000000000000000e+00,2.000000000000000444e+00,2.342094770881201171e+01,2.342078572199186226e+01,7.599058985767791796e+01,1.524716015320875417e+00,1.194344637290315880e+01,1.867062984407852344e-02,8.455138702412934748e+00,0.000000000000000000e+00,0.000000000000000000e+00,0.000000000000000000e+00,1.000000000000000000e+00,4.599918611347675323e-06,0.000000000000000000e+00,0.000000000000000000e+00
1.200000000000000000e+02,0.000000000000000000e+00,5.999999999469999779e+01,-5.300000000000000309e-09,1.000000000000000000e+00,9.855939241960821606e-01,9.466018068641821603e-01,1.062132285763096373e+00,9.830121377054351628e-01,2.000000000000000000e+00,2.000000000000000000e+00,2.000000000000000000e+00,2.000000000000000444e+00,1.000000000000000227e+03,0.000000000000000000e+00,0.000000000000000000e+00,0.000000000000000000e+00,2.000000000000000444e+00,2.342091544992375063e+01,2.337026932640275589e+01,7.599058985767791796e+01,1.524714605061685768e+00,1.194344636746044941e+01,1.867062887026160745e-02,8.455138702412934748e+00,0.000000000000000000e+00,0.000000000000000000e+00,0.000000000000000000e+00,1.000000000000000000e+00,3.500026650726795197e-06,0.000000000000000000e+00,0.000000000000000000e+00
1.250000000000000000e+02,0.000000000000000000e+00,5.980515913499999670e+01,-1.948408650000000020e-01,1.000000000000000000e+00,9.855939241960821606e-01,9.466018068641821603e-01,1.062132285763096373e+00,9.849849704406592465e-01,2.000000000000000000e+00,2.000000000000000000e+00,1.996425105349261653e+00,2.000000000000000444e+00,1.000000000000000227e+03,0.000000000000000000e+00,0.000000000000000000e+00,0.000000000000000000e+00,2.000000000000000444e+00,2.342088319113328510e+01,2.342580477500465008e+01,7.599058985767791796e+01,1.524713194806771366e+00,1.194890008910484092e+01,1.855850130391500930e-02,8.455138702412934748e+00,0.000000000000000000e+00,0.000000000000000000e+00,0.000000000000000000e+00,1.000000000000000000e+00,1.069996505975723267e-05,0.000000000000000000e+00,0.000000000000000000e+00
1.300000000000000000e+02,0.000000000000000000e+00,5.981764459749999929e+01,-1.823554025000000134e-01,1.000000000000000000e+00,9.855939241960821606e-01,9.466018068641821603e-01,1.062132285763096373e+00,9.839304778332580437e-01,2.000000000000000000e+00,2.000000000000000000e+00,1.995742925757973074e+00,2.000000000000000444e+00,1.000000000000000227e+03,0.000000000000000000e+00,0.000000000000000000e+00,0.000000000000000000e+00,2.000000000000000444e+00,2.342085093244061511e+01,2.342701305082255558e+01,7.599058985767791796e+01,1.524711784556132432e+00,1.196270515792946654e+01,5.920264933962471332e-03,8.455138702412934748e+00,0.000000000000000000e+00,0.000000000000000000e+00,0.000000000000000000e+00,1.000000000000000000e+00,8.599949069321155548e-06,0.000000000000000000e+00,0.000000000000000000e+00
1.350000000000000000e+02,0.000000000000000000e+00,5.981962763810000183e+01,-1.803723619000000000e-01,1.000000000000000000e+00,9.855939241960821606e-01,9.466018068641821603e-01,1.062132285763096373e+00,9.852411120642706743e-01,2.000000000000000000e+00,2.000000000000000000e+00,1.984182930810763024e+00,2.000000000000000444e+00,1.000000000000000227e+03,0.000000000000000000e+00,0.000000000000000000e+00,0.000000000000000000e+00,2.000000000000000444e+00,2.342081867384573002e+01,2.344189256249934772e+01,7.599058985767791796e+01,1.524710374309768302e+00,1.195702117261430963e+01,-1.478147009404828793e-02,8.455138702412934748e+00,0.000000000000000000e+00,0.000000000000000000e+00,0.000000000000000000e+00,1.000000000000000000e+00,1.309998333454132080e-05,0.000000000000000000e+00,0.000000000000000000e+00
1.400000000000000000e+02,0.000000000000000000e+00,5.981994113540000058e+01,-1.800588646000000070e-01,1.000000000000000000e+00,9.855939241960821606e-01,9.466018068641821603e-01,1.062132285763096373e+00,9.835265725319347618e-01,2.000000000000000000e+00,2.000000000000000000e+00,1.999878948598061035e+00,2.000000000000000444e+00,1.000000000000000227e+03,0.000000000000000000e+00,0.000000000000000000e+00,0.000000000000000000e+00,2.000000000000000444e+00,2.342078641534864403e+01,2.342184502080848674e+01,7.599058985767791796e+01,1.524708964067679640e+00,1.193683963769846201e+01,-1.448577252270677462e-02,8.455138702412934748e+00,0.000000000000000000e+00,0.000000000000000000e+00,0.000000000000000000e+00,1.000000000000000000e+00,8.199946023523807526e-06,0.000000000000000000e+00,0.000000000000000000e+00
1.450000000000000000e+02,0.000000000000000000e+00,5.981999069260000113e+01,-1.800093074000000126e-01,1.000000000000000000e+00,9.855939241960821606e-01,9.466018068641821603e-01,1.062132285763096373e+00,9.861136023974308440e-01,2.000000000000000000e+00,2.000000000000000000e+00,1.977668008105852415e+00,2.000000000000000444e+00,1.000000000000000227e+03,0.000000000000000000e+00,0.000000000000000000e+00,0.000000000000000000e+00,2.000000000000000444e+00,2.342075415694935003e+01,2.344991615818686270e+01,7.599058985767791796e+01,1.524707553829866002e+00,1.193056109247595842e+01,6.242570405111003140e-03,8.455138702412934748e+00,0.000000000000000000e+00,0.000000000000000000e+00,0.000000000000000000e+00,1.000000000000000000e+00,1.059996429830789566e-05,0.000000000000000000e+00,0.000000000000000000e+00
1.500000000000000000e+02,0.000000000000000000e+00,5.981999852639999915e+01,-1.800014735999999893e-01,1.000000000000000000e+00,9.855939241960821606e-01,9.466018068641821603e-01,1.062132285763096373e+00,9.857725371676202553e-01,2.000000000000000000e+00,2.000000000000000000e+00,2.000000000000000000e+00,2.000000000000000444e+00,1.000000000000000227e+03,0.000000000000000000e+00,0.000000000000000000e+00,0.000000000000000000e+00,2.000000000000000444e+00,2.342072189864785159e+01,2.341716360393152030e+01,7.599058985767791796e+01,1.524706143596328056e+00,1.194598120979416933e+01,1.879565457887024532e-02,8.455138702412934748e+00,0.000000000000000000e+00,0.000000000000000000e+00,0.000000000000000000e+00,1.000000000000000000e+00,1.309998333454132080e-05,0.000000000000000000e+00,0.000000000000000000e+00
1.550000000000000000e+02,0.000000000000000000e+00,5.981999976689999698e+01,-1.800002330999999900e-01,1.000000000000000000e+00,9.855939241960821606e-01,9.466018068641821603e-01,1.062132285763096373e+00,9.833311092550360843e-01,2.000000000000000000e+00,2.000000000000000000e+00,2.000000000000000000e+00,2.000000000000000444e+00,1.000000000000000227e+03,0.000000000000000000e+00,0.000000000000000000e+00,0.000000000000000000e+00,2.000000000000000444e+00,2.342068964044414159e+01,2.335683262918947634e+01,7.599058985767791796e+01,1.524704733367064691e+00,1.196254117214827417e+01,6.412830902936761390e-03,8.455138702412934748e+00,0.000000000000000000e+00,0.000000000000000000e+00,0.000000000000000000e+00,1.000000000000000000e+00,9.600073099136352539e-06,0.000000000000000000e+00,0.000000000000000000e+00
1.600000000000000000e+02,0.000000000000000000e+00,5.981999996399999731e+01,-1.800000360000000021e-01,1.000000000000000000e+00,9.855939241960821606e-01,9.466018068641821603e-01,1.062132285763096373e+00,9.821017312453343973e-01,2.000000000000000000e+00,2.000000000000000000e+00,2.000000000000000000e+00,2.000000000000000444e+00,1.000000000000000227e+03,0.000000000000000000e+00,0.000000000000000000e+00,0.000000000000000000e+00,2.000000000000000444e+00,2.342065738233822358e+01,2.339529247135184420e+01,7.599058985767791796e+01,1.524703323142076794e+00,1.195708168100687629e+01,-1.473264468133406169e-02,8.455138702412934748e+00,0.000000000000000000e+00,0.000000000000000000e+00,0.000000000000000000e+00,1.000000000000000000e+00,7.500057108700275421e-06,0.000000000000000000e+00,0.000000000000000000e+00
1.650000000000000000e+02,0.000000000000000000e+00,5.981999999479999985e+01,-1.800000052000000073e-01,1.000000000000000000e+00,9.855939241960821606e-01,9.466018068641821603e-01,1.062132285763096373e+00,9.858558266112517066e-01,2.000000000000000000e+00,2.000000000000000000e+00,1.970810763878810157e+00,2.000000000000000444e+00,1.000000000000000227e+03,0.000000000000000000e+00,0.000000000000000000e+00,0.000000000000000000e+00,2.000000000000000444e+00,2.342062512433009758e+01,2.345809958681685004e+01,7.599058985767791796e+01,1.524701912921363700e+00,1.193684921603512983e+01,-1.449367840645443550e-02,8.455138702412934748e+00,0.000000000000000000e+00,0.000000000000000000e+00,0.000000000000000000e+00,1.000000000000000000e+00,9.499955922365188599e-06,0.000000000000000000e+00,0.000000000000000000e+00
1.700000000000000000e+02,0.000000000000000000e+00,5.982000000010000207e+01,-1.799999999000000128e-01,1.000000000000000000e+00,9.855939241960821606e-01,9.466018068641821603e-01,1.062132285763096373e+00,9.854623143840817168e-01,2.000000000000000000e+00,2.000000000000000000e+00,2.000000000000000000e+00,2.000000000000000444e+00,1.000000000000000227e+03,0.000000000000000000e+00,0.000000000000000000e+00,0.000000000000000000e+00,2.000000000000000444e+00,2.342059286641976357e+01,2.341579685744064321e+01,7.599058985767791796e+01,1.524700502704926075e+00,1.193056054623163931e+01,6.240682832484800713e-03,8.455138702412934748e+00,0.000000000000000000e+00,0.000000000000000000e+00,0.000000000000000000e+00,1.000000000000000000e+00,6.999936886131763458e-06,0.000000000000000000e+00,0.000000000000000000e+00
1.750000000000000000e+02,0.000000000000000000e+00,5.982000000010000207e+01,-1.799999999000000128e-01,1.000000000000000000e+00,9.855939241960821606e-01,9.466018068641821603e-01,1.062132285763096373e+00,9.877910977155960337e-01,2.000000000000000000e+00,2.000000000000000000e+00,2.000000000000000000e+00,2.000000000000000444e+00,1.000000000000000227e+03,0.000000000000000000e+00,0.000000000000000000e+00,0.000000000000000000e+00,2.000000000000000444e+00,2.342056060860722155e+01,2.341902489622647110e+01,7.599058985767791796e+01,1.524699092492763697e+00,1.194598092375925269e+01,1.879565087218066505e-02,8.455138702412934748e+00,0.000000000000000000e+00,0.000000000000000000e+00,0.000000000000000000e+00,1.000000000000000000e+00,7.099937647581100464e-06,0.000000000000000000e+00,0.000000000000000000e+00
1.800000000000000000e+02,0.000000000000000000e+00,5.982000000069999857e+01,-1.799999992999999909e-01,1.000000000000000000e+00,9.783664620243762711e-01,9.273768738840793002e-01,1.086936886511743250e+00,9.771048291344192060e-01,2.000000000000000000e+00,2.000000000000000000e+00,1.970845174301926850e+00,2.000000000000000444e+00,1.000000000000000227e+03,0.000000000000000000e+00,0.000000000000000000e+00,0.000000000000000000e+00,2.000000000000000444e+00,2.342052835089246443e+01,2.345824043030389561e+01,7.599058985767791796e+01,1.524697682284876121e+00,1.205091173867276311e+01,6.460249244620186460e-03,8.455138702412934748e+00,0.000000000000000000e+00,0.000000000000000000e+00,0.000000000000000000e+00,1.000000000000000000e+00,9.799958206713199615e-06,1.200000000000000000e+03,6.000000000000000000e+02
1.850000000000000000e+02,0.000000000000000000e+00,5.981999999909999843e+01,-1.800000009000000123e-01,1.000000000000000000e+00,9.783664620243762711e-01,9.273768738840793002e-01,1.086936886511743250e+00,9.802983052618339244e-01,2.000000000000000000e+00,2.000000000000000000e+00,2.000000000000000000e+00,2.000000000000000000e+00,1.000000000000000000e+03,0.000000000000000000e+00,0.000000000000000000e+00,0.000000000000000000e+00,2.000000000000000000e+00,2.342049609327550286e+01,2.339966398744441634e+01,7.599058985767791796e+01,1.524696272081263793e+00,1.204541193691388656e+01,-1.484147511372091444e-02,8.517599137740788251e+00,0.000000000000000000e+00,0.000000000000000000e+00,0.000000000000000000e+00,1.000000000000000000e+00,7.699942216277122498e-06,1.200000000000000000e+03,6.000000000000000000e+02
1.900000000000000000e+02,0.000000000000000000e+00,5.981999999840000015e+01,-1.800000015999999869e-01,1.000000000000000000e+00,9.783664620243762711e-01,9.273768738840793002e-01,1.086936886511743250e+00,9.772459999233704675e-01,2.000000000000000000e+00,2.000000000000000000e+00,2.000000000000000000e+00,2.000000000000000000e+00,1.000000000000000000e+03,0.000000000000000000e+00,0.000000000000000000e+00,0.000000000000000000e+00,2.000000000000000000e+00,2.342046383575632973e+01,2.340920583056601956e+01,7.599058985767791796e+01,1.524694861881926489e+00,1.202503000603236849e+01,-1.460074834515312503e-02,8.517599137740788251e+00,0.000000000000000000e+00,0.000000000000000000e+00,0.000000000000000000e+00,1.000000000000000000e+00,1.379998866468667984e-05,1.200000000000000000e+03,6.000000000000000000e+02
1.950000000000000000e+02,0.000000000000000000e+00,5.981999999859999662e+01,-1.800000013999999982e-01,1.000000000000000000e+00,9.783664620243762711e-01,9.273768738840793002e-01,1.086936886511743250e+00,9.756093126561043993e-01,2.000000000000000000e+00,2.000000000000000000e+00,1.961776846324448931e+00,2.000000000000000000e+00,1.000000000000000000e+03,0.000000000000000000e+00,0.000000000000000000e+00,0.000000000000000000e+00,2.000000000000000000e+00,2.342043157833494504e+01,2.347005330479895946e+01,7.599058985767791796e+01,1.524693451686863988e+00,1.201869487773630141e+01,6.286781097672999863e-03,8.517599137740788251e+00,0.000000000000000000e+00,0.000000000000000000e+00,0.000000000000000000e+00,1.000000000000000000e+00,8.099945262074470520e-06,1.200000000000000000e+03,6.000000000000000000e+02
2.000000000000000000e+02,0.000000000000000000e+00,5.981999999859999662e+01,-1.800000013999999982e-01,1.000000000000000000e+00,9.783664620243762711e-01,9.273768738840793002e-01,1.086936886511743250e+00,9.762582744491292708e-01,2.000000000000000000e+00,2.000000000000000000e+00,1.968382029253088472e+00,2.000000000000000000e+00,1.000000000000000000e+03,0.000000000000000000e+00,0.000000000000000000e+00,0.000000000000000000e+00,2.000000000000000000e+00,2.342039932101135236e+01,2.346261748699804883e+01,7.599058985767791796e+01,1.524692041496076733e+00,1.203422916596900016e+01,1.893449943605117480e-02,8.517599137740788251e+00,0.000000000000000000e+00,0.000000000000000000e+00,0.000000000000000000e+00,1.000000000000000000e+00,7.399939931929111481e-06,1.200000000000000000e+03,6.000000000000000000e+02
2.050000000000000000e+02,0.000000000000000000e+00,5.981999999779999655e+01,-1.800000022000000088e-01,1.000000000000000000e+00,9.783664620243762711e-01,9.273768738840793002e-01,1.086936886511743250e+00,9.779494183278737429e-01,2.000000000000000000e+00,2.000000000000000000e+00,2.000000000000000000e+00,2.000000000000000000e+00,1.000000000000000000e+03,0.000000000000000000e+00,0.000000000000000000e+00,0.000000000000000000e+00,2.000000000000000000e+00,2.342036706378554811e+01,2.336753647955572433e+01,7.599058985767791796e+01,1.524690631309564504e+00,1.205091173575925190e+01,6.460257606481611958e-03,8.517599137740788251e+00,0.000000000000000000e+00,0.000000000000000000e+00,0.000000000000000000e+00,1.000000000000000000e+00,6.499933078885078430e-06,1.200000000000000000e+03,6.000000000000000000e+02
2.100000000000000000e+02,0.000000000000000000e+00,5.982000000090000214e+01,-1.799999991000000021e-01,1.000000000000000000e+00,9.783664620243762711e-01,9.273768738840793002e-01,1.086936886511743250e+00,9.783195741872665607e-01,2.000000000000000000e+00,2.000000000000000000e+00,2.000000000000000000e+00,2.000000000000000000e+00,1.000000000000000000e+03,0.000000000000000000e+00,0.000000000000000000e+00,0.000000000000000000e+00,2.000000000000000000e+00,2.342033480665753231e+01,2.339776546248416622e+01,7.599058985767791796e+01,1.524689221127327521e+00,1.204541194187488884e+01,-1.484147107807443078e-02,8.517599137740788251e+00,0.000000000000000000e+00,0.000000000000000000e+00,0.000000000000000000e+00,1.000000000000000000e+00,1.010007690638303757e-05,1.200000000000000000e+03,6.000000000000000000e+02
2.150000000000000000e+02,0.000000000000000000e+00,5.982000000050000210e+01,-1.799999995000000075e-01,1.000000000000000000e+00,9.783664620243762711e-01,9.273768738840793002e-01,1.086936886511743250e+00,9.772878673254016269e-01,2.000000000000000000e+00,2.000000000000000000e+00,2.000000000000000000e+00,2.000000000000000000e+00,1.000000000000000000e+03,0.000000000000000000e+00,0.000000000000000000e+00,0.000000000000000000e+00,2.000000000000000000e+00,2.342030254962730496e+01,2.338705472586185863e+01,7.599058985767791796e+01,1.524687810949365341e+00,1.202503000918695975e+01,-1.460075092869850266e-02,8.517599137740788251e+00,0.000000000000000000e+00,0.000000000000000000e+00,0.000000000000000000e+00,1.000000000000000000e+00,1.049996353685855865e-05,1.200000000000000000e+03,6.000000000000000000e+02
2.200000000000000000e+02,0.000000000000000000e+00,5.982000000059999678e+01,-1.799999993999999992e-01,1.000000000000000000e+00,9.783664620243762711e-01,9.273768738840793002e-01,1.086936886511743250e+00,9.810375257349762679e-01,2.000000000000000000e+00,2.000000000000000000e+00,1.994240271707424128e+00,2.000000000000000000e+00,1.000000000000000000e+03,0.000000000000000000e+00,0.000000000000000000e+00,0.000000000000000000e+00,2.000000000000000000e+00,2.342027029269486604e+01,2.342902070338553955e+01,7.599058985767791796e+01,1.524686400775678186e+00,1.201869487723880070e+01,6.286779355834326566e-03,8.517599137740788251e+00,0.000000000000000000e+00,0.000000000000000000e+00,0.000000000000000000e+00,1.000000000000000000e+00,1.319998409599065781e-05,1.200000000000000000e+03,6.000000000000000000e+02
2.250000000000000000e+02,0.000000000000000000e+00,5.982000000010000207e+01,-1.799999999000000128e-01,1.000000000000000000e+00,9.783664620243762711e-01,9.273768738840793002e-01,1.086936886511743250e+00,9.774841716188519269e-01,2.000000000000000000e+00,2.000000000000000000e+00,1.986289247698749705e+00,2.000000000000000000e+00,1.000000000000000000e+03,0.000000000000000000e+00,0.000000000000000000e+00,0.000000000000000000e+00,2.000000000000000000e+00,2.342023803586021558e+01,2.343914051360358286e+01,7.599058985767791796e+01,1.524684990606266055e+00,1.203422916586345970e+01,1.893449943527788365e-02,8.517599137740788251e+00,0.000000000000000000e+00,0.000000000000000000e+00,0.000000000000000000e+00,1.000000000000000000e+00,7.099937647581100464e-06,1.200000000000000000e+03,6.000000000000000000e+02
2.300000000000000000e+02,0.000000000000000000e+00,5.982000000029999853e+01,-1.799999996999999963e-01,1.000000000000000000e+00,9.783664620243762711e-01,9.273768738840793002e-01,1.086936886511743250e+00,9.780635747280337355e-01,2.000000000000000000e+00,2.000000000000000000e+00,1.973713979852931288e+00,2.000000000000000000e+00,1.000000000000000000e+03,0.000000000000000000e+00,0.000000000000000000e+00,0.000000000000000000e+00,2.000000000000000000e+00,2.342020577912335000e+01,2.345550102873091092e+01,7.599058985767791796e+01,1.524683580441128949e+00,1.205091173669178772e+01,6.460254931103470710e-03,8.517599137740788251e+00,0.000000000000000000e+00,0.000000000000000000e+00,0.000000000000000000e+00,1.000000000000000000e+00,6.899936124682426453e-06,1.200000000000000000e+03,6.000000000000000000e+02
2.350000000000000000e+02,0.000000000000000000e+00,5.981999999920000022e+01,-1.800000008000000040e-01,1.000000000000000000e+00,9.783664620243762711e-01,9.273768738840793002e-01,1.086936886511743250e+00,9.791316625598323053e-01,2.000000000000000000e+00,2.000000000000000000e+00,2.000000000000000000e+00,2.000000000000000000e+00,1.000000000000000000e+03,0.000000000000000000e+00,0.000000000000000000e+00,0.000000000000000000e+00,2.000000000000000000e+00,2.342017352248427287e+01,2.337871446088407978e+01,7.599058985767791796e+01,1.524682170280266647e+00,1.204541194126560022e+01,-1.484147157302206921e-02,8.517599137740788251e+00,0.000000000000000000e+00,0.000000000000000000e+00,0.000000000000000000e+00,1.000000000000000000e+00,7.799942977726459503e-06,1.200000000000000000e+03,6.000000000000000000e+02
2.400000000000000000e+02,0.000000000000000000e+00,5.981999999819999658e+01,-1.800000018000000035e-01,1.000000000000000000e+00,9.783664620243762711e-01,9.273768738840793002e-01,1.086936886511743250e+00,9.802993562928180582e-01,2.000000000000000000e+00,2.000000000000000000e+00,1.988528180532529444e+00,2.000000000000000000e+00,1.000000000000000000e+03,0.000000000000000000e+00,0.000000000000000000e+00,0.000000000000000000e+00,2.000000000000000000e+00,2.342014126594298773e+01,2.343639778119109351e+01,7.599058985767791796e+01,1.524680760123679368e+00,1.202503001059117160e+01,-1.460075207524225149e-02,8.517599137740788251e+00,0.000000000000000000e+00,0.000000000000000000e+00,0.000000000000000000e+00,1.000000000000000000e+00,5.900044925510883331e-06,1.200000000000000000e+03,6.000000000000000000e+02
2.450000000000000000e+02,0.000000000000000000e+00,5.981999999869999840e+01,-1.800000012999999899e-01,1.000000000000000000e+00,9.783664620243762711e-01,9.273768738840793002e-01,1.086936886511743250e+00,9.800288309297062739e-01,2.000000000000000000e+00,2.000000000000000000e+00,2.000000000000000000e+00,2.000000000000000000e+00,1.000000000000000000e+03,0.000000000000000000e+00,0.000000000000000000e+00,0.000000000000000000e+00,2.000000000000000000e+00,2.342010900949948748e+01,2.340644047997965416e+01,7.599058985767791796e+01,1.524679349971367337e+00,1.201869487615655530e+01,6.286775544783296255e-03,8.517599137740788251e+00,0.000000000000000000e+00,0.000000000000000000e+00,0.000000000000000000e+00,1.000000000000000000e+00,8.799950592219829559e-06,1.200000000000000000e+03,6.000000000000000000e+02
2.500000000000000000e+02,0.000000000000000000e+00,5.981999999890000197e+01,-1.800000011000000011e-01,1.000000000000000000e+00,9.783664620243762711e-01,9.273768738840793002e-01,1.086936886511743250e+00,9.758732759078048158e-01,2.000000000000000000e+00,2.000000000000000000e+00,1.989906432532147162e+00,2.000000000000000000e+00,1.000000000000000000e+03,0.000000000000000000e+00,0.000000000000000000e+00,0.000000000000000000e+00,2.000000000000000000e+00,2.342007675315377213e+01,2.343489471552469539e+01,7.599058985767791796e+01,1.524677939823329886e+00,1.203422916093449757e+01,1.893449935458192679e-02,8.517599137740788251e+00,0.000000000000000000e+00,0.000000000000000000e+00,0.000000000000000000e+00,1.000000000000000000e+00,9.000068530440330505e-06,1.200000000000000000e+03,6.000000000000000000e+02
2.550000000000000000e+02,0.000000000000000000e+00,5.981999999829999837e+01,-1.800000016999999952e-01,1.000000000000000000e+00,9.783664620243762711e-01,9.273768738840793002e-01,1.086936886511743250e+00,9.821244786385697756e-01,2.000000000000000000e+00,2.000000000000000000e+00,2.000000000000000000e+00,2.000000000000000000e+00,1.000000000000000000e+03,0.000000000000000000e+00,0.000000000000000000e+00,0.000000000000000000e+00,2.000000000000000000e+00,2.342004449690584522e+01,2.338568918969016508e+01,7.599058985767791796e+01,1.524676529679567460e+00,1.205091173408921179e+01,6.460262401003724619e-03,8.517599137740788251e+00,0.000000000000000000e+00,0.000000000000000000e+00,0.000000000000000000e+00,1.000000000000000000e+00,1.069996505975723267e-05,1.200000000000000000e+03,6.000000000000000000e+02
2.600000000000000000e+02,0.000000000000000000e+00,5.982000000099999681e+01,-1.799999989999999939e-01,1.000000000000000000e+00,9.783664620243762711e-01,9.273768738840793002e-01,1.086936886511743250e+00,9.800002401424838805e-01,2.000000000000000000e+00,2.000000000000000000e+00,2.000000000000000000e+00,2.000000000000000000e+00,1.000000000000000000e+03,0.000000000000000000e+00,0.000000000000000000e+00,0.000000000000000000e+00,2.000000000000000000e+00,2.342001224075569965e+01,2.341964007909627554e+01,7.599058985767791796e+01,1.524675119540079837e+00,1.204541194553023153e+01,-1.484146810397346528e-02,8.517599137740788251e+00,0.000000000000000000e+00,0.000000000000000000e+00,0.000000000000000000e+00,1.000000000000000000e+00,1.099996734410524368e-05,1.200000000000000000e+03,6.000000000000000000e+02
2.650000000000000000e+02,0.000000000000000000e+00,5.982000000069999857e+01,-1.799999992999999909e-01,1.000000000000000000e+00,9.783664620243762711e-01,9.273768738840793002e-01,1.086936886511743250e+00,9.750788673220051050e-01,2.000000000000000000e+00,2.000000000000000000e+00,1.995080255593769669e+00,2.000000000000000000e+00,1.000000000000000000e+03,0.000000000000000000e+00,0.000000000000000000e+00,0.000000000000000000e+00,2.000000000000000000e+00,2.341997998470333897e+01,2.342775895531345753e+01,7.599058985767791796e+01,1.524673709404867017e+00,1.202503001269344551e+01,-1.460075379814096408e-02,8.517599137740788251e+00,0.000000000000000000e+00,0.000000000000000000e+00,0.000000000000000000e+00,1.000000000000000000e+00,7.800059393048286438e-06,1.200000000000000000e+03,6.000000000000000000e+02
2.700000000000000000e+02,0.000000000000000000e+00,5.982000000200000045e+01,-1.799999979999999944e-01,1.000000000000000000e+00,9.783664620243762711e-01,9.273768738840793002e-01,1.086936886511743250e+00,9.778748558816123815e-01,2.000000000000000000e+00,2.000000000000000000e+00,2.000000000000000000e+00,2.000000000000000000e+00,1.000000000000000000e+03,0.000000000000000000e+00,0.000000000000000000e+00,0.000000000000000000e+00,2.000000000000000000e+00,2.341994772874876318e+01,2.339413226052774419e+01,7.599058985767791796e+01,1.524672299273928999e+00,1.201869487643217305e+01,6.286776525167070417e-03,8.517599137740788251e+00,0.000000000000000000e+00,0.000000000000000000e+00,0.000000000000000000e+00,1.000000000000000000e+00,1.109996810555458069e-05,1.200000000000000000e+03,6.000000000000000000e+02
2.750000000000000000e+02,0.000000000000000000e+00,5.981999999989999850e+01,-1.800000001000000016e-01,1.000000000000000000e+00,9.783664620243762711e-01,9.273768738840793002e-01,1.086936886511743250e+00,9.780331523226156731e-01,2.000000000000000000e+00,2.000000000000000000e+00,2.000000000000000000e+00,2.000000000000000000e+00,1.000000000000000000e+03,0.000000000000000000e+00,0.000000000000000000e+00,0.000000000000000000e+00,2.000000000000000000e+00,2.341991547289197584e+01,2.337061103321964239e+01,7.599058985767791796e+01,1.524670889147266006e+00,1.203422916292672085e+01,1.893449938750842165e-02,8.517599137740788251e+00,0.000000000000000000e+00,0.000000000000000000e+00,0.000000000000000000e+00,1.000000000000000000e+00,8.000060915946960449e-06,1.200000000000000000e+03,6.000000000000000000e+02
2.800000000000000000e+02,0.000000000000000000e+00,5.981999999989999850e+01,-1.800000001000000016e-01,1.000000000000000000e+00,9.783664620243762711e-01,9.273768738840793002e-01,1.086936886511743250e+00,9.782436647675318842e-01,2.000000000000000000e+00,2.000000000000000000e+00,2.000000000000000000e+00,2.000000000000000000e+00,1.000000000000000000e+03,0.000000000000000000e+00,0.000000000000000000e+00,0.000000000000000000e+00,2.000000000000000000e+00,2.341988321713297339e+01,2.339020436889019550e+01,7.599058985767791796e+01,1.524669479024878038e+00,1.205091173544879979e+01,6.460258499077831118e-03,8.517599137740788251e+00,0.000000000000000000e+00,0.000000000000000000e+00,0.000000000000000000e+00,1.000000000000000000e+00,8.400063961744308472e-06,1.200000000000000000e+03,6.000000000000000000e+02
2.850000000000000000e+02,0.000000000000000000e+00,5.981999999880000018e+01,-1.800000012000000094e-01,1.000000000000000000e+00,9.783664620243762711e-01,9.273768738840793002e-01,1.086936886511743250e+00,9.763683759699359754e-01,2.000000000000000000e+00,2.000000000000000000e+00,1.996815111199502946e+00,2.000000000000000000e+00,1.000000000000000000e+03,0.000000000000000000e+00,0.000000000000000000e+00,0.000000000000000000e+00,2.000000000000000000e+00,2.341985096147175582e+01,2.342571319900423887e+01,7.599058985767791796e+01,1.524668068906764651e+00,1.204541194439884677e+01,-1.484146902349881003e-02,8.517599137740788251e+00,0.000000000000000000e+00,0.000000000000000000e+00,0.000000000000000000e+00,1.000000000000000000e+00,1.319998409599065781e-05,1.200000000000000000e+03,6.000000000000000000e+02
2.900000000000000000e+02,0.000000000000000000e+00,5.981999999810000190e+01,-1.800000019000000118e-01,1.000000000000000000e+00,9.783664620243762711e-01,9.273768738840793002e-01,1.086936886511743250e+00,9.790785946020168495e-01,2.000000000000000000e+00,2.000000000000000000e+00,1.954512659640087024e+00,2.000000000000000000e+00,1.000000000000000000e+03,0.000000000000000000e+00,0.000000000000000000e+00,0.000000000000000000e+00,2.000000000000000000e+00,2.341981870590831960e+01,2.348057353551472204e+01,7.599058985767791796e+01,1.524666658792926288e+00,1.202503001383489156e+01,-1.460075472937605312e-02,8.517599137740788251e+00,0.000000000000000000e+00,0.000000000000000000e+00,0.000000000000000000e+00,1.000000000000000000e+00,6.300047971308231354e-06,1.200000000000000000e+03,6.000000000000000000e+02
2.950000000000000000e+02,0.000000000000000000e+00,5.981999999899999665e+01,-1.800000009999999928e-01,1.000000000000000000e+00,9.783664620243762711e-01,9.273768738840793002e-01,1.086936886511743250e+00,9.801422667800463451e-01,2.000000000000000000e+00,2.000000000000000000e+00,2.000000000000000000e+00,2.000000000000000000e+00,1.000000000000000000e+03,0.000000000000000000e+00,0.000000000000000000e+00,0.000000000000000000e+00,2.000000000000000000e+00,2.341978645044266827e+01,2.341936555853873969e+01,7.599058985767791796e+01,1.524665248683362728e+00,1.201869487510314727e+01,6.286771842799687704e-03,8.517599137740788251e+00,0.000000000000000000e+00,0.000000000000000000e+00,0.000000000000000000e+00,1.000000000000000000e+00,9.300070814788341522e-06,1.200000000000000000e+03,6.000000000000000000e+02
3.000000000000000000e+02,0.000000000000000000e+00,5.981999999690000180e+01,-1.800000031000000000e-01,1.000000000000000000e+00,9.783664620243762711e-01,9.273768738840793002e-01,1.086936886511743250e+00,9.774460743989269451e-01,2.000000000000000000e+00,2.000000000000000000e+00,2.000000000000000000e+00,2.000000000000000000e+00,1.000000000000000000e+03,0.000000000000000000e+00,0.000000000000000000e+00,0.000000000000000000e+00,2.000000000000000000e+00,2.341975419507479828e+01,2.341727984391427952e+01,7.599058985767791796e+01,1.524663838578073527e+00,1.203422915527144710e+01,1.893449926140405859e-02,8.517599137740788251e+00,0.000000000000000000e+00,0.000000000000000000e+00,0.000000000000000000e+00,1.000000000000000000e+00,8.500064723193645477e-06,1.200000000000000000e+03,6.000000000000000000e+02
3.050000000000000000e+02,0.000000000000000000e+00,5.981999999890000197e+01,-1.800000011000000011e-01,1.000000000000000000e+00,9.783664620243762711e-01,9.273768738840793002e-01,1.086936886511743250e+00,9.777850286631751819e-01,2.000000000000000000e+00,2.000000000000000000e+00,2.000000000000000000e+00,2.000000000000000000e+00,1.000000000000000000e+03,0.000000000000000000e+00,0.000000000000000000e+00,0.000000000000000000e+00,2.000000000000000000e+00,2.341972193980470962e+01,2.341907776279340325e+01,7.599058985767791796e+01,1.524662428477059350e+00,1.205091173222487910e+01,6.460267753365833698e-03,8.517599137740788251e+00,0.000000000000000000e+00,0.000000000000000000e+00,0.000000000000000000e+00,1.000000000000000000e+00,1.009996049106121063e-05,1.200000000000000000e+03,6.000000000000000000e+02
3.100000000000000000e+02,0.000000000000000000e+00,5.982000000099999681e+01,-1.799999989999999939e-01,1.000000000000000000e+00,9.783664620243762711e-01,9.273768738840793002e-01,1.086936886511743250e+00,9.769823169234272964e-01,2.000000000000000000e+00,2.000000000000000000e+00,2.000000000000000000e+00,2.000000000000000000e+00,1.000000000000000000e+03,0.000000000000000000e+00,0.000000000000000000e+00,0.000000000000000000e+00,2.000000000000000000e+00,2.341968968463240941e+01,2.332214653216751188e+01,7.599058985767791796e+01,1.524661018380319977e+00,1.204541194970796525e+01,-1.484146470482095026e-02,8.517599137740788251e+00,0.000000000000000000e+00,0.000000000000000000e+00,0.000000000000000000e+00,1.000000000000000000e+00,7.699942216277122498e-06,1.200000000000000000e+03,6.000000000000000000e+02
3.150000000000000000e+02,0.000000000000000000e+00,5.982000000090000214e+01,-1.799999991000000021e-01,1.000000000000000000e+00,9.783664620243762711e-01,9.273768738840793002e-01,1.086936886511743250e+00,9.810335817245817713e-01,2.000000000000000000e+00,2.000000000000000000e+00,2.000000000000000000e+00,2.000000000000000000e+00,1.000000000000000000e+03,0.000000000000000000e+00,0.000000000000000000e+00,0.000000000000000000e+00,2.000000000000000000e+00,2.341965742955789054e+01,2.338448105833574076e+01,7.599058985767791796e+01,1.524659608287855406e+00,1.202503001672597804e+01,-1.460075709803909660e-02,8.517599137740788251e+00,0.000000000000000000e+00,0.000000000000000000e+00,0.000000000000000000e+00,1.000000000000000000e+00,8.199946023523807526e-06,1.200000000000000000e+03,6.000000000000000000e+02
3.200000000000000000e+02,0.000000000000000000e+00,5.982000000200000045e+01,-1.799999979999999944e-01,1.000000000000000000e+00,9.783664620243762711e-01,9.273768738840793002e-01,1.086936886511743250e+00,9.806276884848762476e-01,2.000000000000000000e+00,2.000000000000000000e+00,2.000000000000000000e+00,2.000000000000000000e+00,1.000000000000000000e+03,0.000000000000000000e+00,0.000000000000000000e+00,0.000000000000000000e+00,2.000000000000000000e+00,2.341962517458115300e+01,2.342106515182801374e+01,7.599058985767791796e+01,1.524658198199665415e+00,1.201869487500737677e+01,6.286771516626821210e-03,8.517599137740788251e+00,0.000000000000000000e+00,0.000000000000000000e+00,0.000000000000000000e+00,1.000000000000000000e+00,1.170008908957242966e-05,1.200000000000000000e+03,6.000000000000000000e+02
3.250000000000000000e+02,0.000000000000000000e+00,5.981999999979999671e+01,-1.800000002000000099e-01,1.000000000000000000e+00,9.783664620243762711e-01,9.273768738840793002e-01,1.086936886511743250e+00,9.784432625474869250e-01,2.000000000000000000e+00,2.000000000000000000e+00,1.988919000830689399e+00,2.000000000000000000e+00,1.000000000000000000e+03,0.000000000000000000e+00,0.000000000000000000e+00,0.000000000000000000e+00,2.000000000000000000e+00,2.341959291970220036e+01,2.343616993862288211e+01,7.599058985767791796e+01,1.524656788115750672e+00,1.203422915799709081e+01,1.893449930749897814e-02,8.517599137740788251e+00,0.000000000000000000e+00,0.000000000000000000e+00,0.000000000000000000e+00,1.000000000000000000e+00,9.900075383484363556e-06,1.200000000000000000e+03,6.000000000000000000e+02
3.300000000000000000e+02,0.000000000000000000e+00,5.981999999939999668e+01,-1.800000005999999875e-01,1.000000000000000000e+00,9.783664620243762711e-01,9.273768738840793002e-01,1.086936886511743250e+00,9.762807253091962956e-01,2.000000000000000000e+00,2.000000000000000000e+00,2.000000000000000000e+00,2.000000000000000000e+00,1.000000000000000000e+03,0.000000000000000000e+00,0.000000000000000000e+00,0.000000000000000000e+00,2.000000000000000000e+00,2.341956066492102551e+01,2.339903325258125122e+01,7.599058985767791796e+01,1.524655378036110065e+00,1.205091173342897015e+01,6.460264297112772169e-03,8.517599137740788251e+00,0.000000000000000000e+00,0.000000000000000000e+00,0.000000000000000000e+00,1.000000000000000000e+00,1.039996277540922165e-05,1.200000000000000000e+03,6.000000000000000000e+02
3.350000000000000000e+02,0.000000000000000000e+00,5.981999999819999658e+01,-1.800000018000000035e-01,1.000000000000000000e+00,9.783664620243762711e-01,9.273768738840793002e-01,1.086936886511743250e+00,9.758243603809280131e-01,2.000000000000000000e+00,2.000000000000000000e+00,2.000000000000000000e+00,2.000000000000000000e+00,1.000000000000000000e+03,0.000000000000000000e+00,0.000000000000000000e+00,0.000000000000000000e+00,2.000000000000000000e+00,2.341952841023763554e+01,2.341930766164889732e+01,7.599058985767791796e+01,1.524653967960744483e+00,1.204541194944694205e+01,-1.484146491592053252e-02,8.517599137740788251e+00,0.000000000000000000e+00,0.000000000000000000e+00,0.000000000000000000e+00,1.000000000000000000e+00,1.199997495859861374e-05,1.200000000000000000e+03,6.000000000000000000e+02
3.400000000000000000e+02,0.000000000000000000e+00,5.981999999810000190e+01,-1.800000019000000118e-01,1.000000000000000000e+00,9.783664620243762711e-01,9.273768738840793002e-01,1.086936886511743250e+00,9.818104053120891850e-01,2.000000000000000000e+00,2.000000000000000000e+00,2.000000000000000000e+00,2.000000000000000000e+00,1.000000000000000000e+03,0.000000000000000000e+00,0.000000000000000000e+00,0.000000000000000000e+00,2.000000000000000000e+00,2.341949615565202336e+01,2.340558864280374962e+01,7.599058985767791796e+01,1.524652557889653259e+00,1.202503001891962064e+01,-1.460075889003631389e-02,8.517599137740788251e+00,0.000000000000000000e+00,0.000000000000000000e+00,0.000000000000000000e+00,1.000000000000000000e+00,6.999936886131763458e-06,1.200000000000000000e+03,6.000000000000000000e+02
3.450000000000000000e+02,0.000000000000000000e+00,5.981999999930000200e+01,-1.800000006999999957e-01,1.000000000000000000e+00,9.783664620243762711e-01,9.273768738840793002e-01,1.086936886511743250e+00,9.791238141637167436e-01,2.000000000000000000e+00,2.000000000000000000e+00,1.995673638438557607e+00,2.000000000000000000e+00,1.000000000000000000e+03,0.000000000000000000e+00,0.000000000000000000e+00,0.000000000000000000e+00,2.000000000000000000e+00,2.341946390116419607e+01,2.342697584165252422e+01,7.599058985767791796e+01,1.524651147822837283e+00,1.201869487339930842e+01,6.286765854397025066e-03,8.517599137740788251e+00,0.000000000000000000e+00,0.000000000000000000e+00,0.000000000000000000e+00,1.000000000000000000e+00,8.800067007541656494e-06,1.200000000000000000e+03,6.000000000000000000e+02
3.500000000000000000e+02,0.000000000000000000e+00,5.981999999739999652e+01,-1.800000025999999864e-01,1.000000000000000000e+00,9.783664620243762711e-01,9.273768738840793002e-01,1.086936886511743250e+00,9.785328967313253745e-01,2.000000000000000000e+00,2.000000000000000000e+00,2.000000000000000000e+00,2.000000000000000000e+00,1.000000000000000000e+03,0.000000000000000000e+00,0.000000000000000000e+00,0.000000000000000000e+00,2.000000000000000000e+00,2.341943164677414657e+01,2.341135123538753504e+01,7.599058985767791796e+01,1.524649737760295443e+00,1.203422915002692051e+01,1.893449917664694060e-02,8.517599137740788251e+00,0.000000000000000000e+00,0.000000000000000000e+00,0.000000000000000000e+00,1.000000000000000000e+00,9.199953638017177582e-06,1.200000000000000000e+03,6.000000000000000000e+02
3.550000000000000000e+02,0.000000000000000000e+00,5.981999999930000200e+01,-1.800000006999999957e-01,1.000000000000000000e+00,9.783664620243762711e-01,9.273768738840793002e-01,1.086936886511743250e+00,9.807426504588009353e-01,2.000000000000000000e+00,2.000000000000000000e+00,2.000000000000000000e+00,2.000000000000000000e+00,1.000000000000000000e+03,0.000000000000000000e+00,0.000000000000000000e+00,0.000000000000000000e+00,2.000000000000000000e+00,2.341939939248187841e+01,2.341923274157579726e+01,7.599058985767791796e+01,1.524648327702028405e+00,1.205091173043821939e+01,6.460272882582884790e-03,8.517599137740788251e+00,0.000000000000000000e+00,0.000000000000000000e+00,0.000000000000000000e+00,1.000000000000000000e+00,8.300063200294971466e-06,1.200000000000000000e+03,6.000000000000000000e+02
3.600000000000000000e+02,0.000000000000000000e+00,5.982000000099999681e+01,-1.799999989999999939e-01,1.000000000000000000e+00,9.783664620243762711e-01,9.273768738840793002e-01,1.086936886511743250e+00,9.772559661648489993e-01,2.000000000000000000e+00,2.000000000000000000e+00,2.000000000000000000e+00,2.000000000000000000e+00,1.000000000000000000e+03,0.000000000000000000e+00,0.000000000000000000e+00,0.000000000000000000e+00,2.000000000000000000e+00,2.341936713828739158e+01,2.336486448794721937e+01,7.599058985767791796e+01,1.524646917648036171e+00,1.204541195371158224e+01,-1.484146144730846828e-02,8.517599137740788251e+00,0.000000000000000000e+00,0.000000000000000000e+00,0.000000000000000000e+00,1.000000000000000000e+00,1.000007614493370056e-05,1.200000000000000000e+03,6.000000000000000000e+02
3.650000000000000000e+02,0.000000000000000000e+00,5.982000000250000227e+01,-1.799999975000000085e-01,1.000000000000000000e+00,9.783664620243762711e-01,9.273768738840793002e-01,1.086936886511743250e+00,9.802951267607651342e-01,2.000000000000000000e+00,2.000000000000000000e+00,1.986476497698554500e+00,2.000000000000000000e+00,1.000000000000000000e+03,0.000000000000000000e+00,0.000000000000000000e+00,0.000000000000000000e+00,2.000000000000000000e+00,2.341933488419068254e+01,2.343940183758408935e+01,7.599058985767791796e+01,1.524645507598318295e+00,1.202503001935490090e+01,-1.460075925092407800e-02,8.517599137740788251e+00,0.000000000000000000e+00,0.000000000000000000e+00,0.000000000000000000e+00,1.000000000000000000e+00,7.799942977726459503e-06,1.200000000000000000e+03,6.000000000000000000e+02
3.700000000000000000e+02,0.000000000000000000e+00,5.982000000170000220e+01,-1.799999982999999915e-01,1.000000000000000000e+00,9.783664620243762711e-01,9.273768738840793002e-01,1.086936886511743250e+00,9.787974399027409289e-01,2.000000000000000000e+00,2.000000000000000000e+00,2.000000000000000000e+00,2.000000000000000000e+00,1.000000000000000000e+03,0.000000000000000000e+00,0.000000000000000000e+00,0.000000000000000000e+00,2.000000000000000000e+00,2.341930263019174774e+01,2.341319461742006069e+01,7.599058985767791796e+01,1.524644097552874777e+00,1.201869487398553993e+01,6.286767923527669666e-03,8.517599137740788251e+00,0.000000000000000000e+00,0.000000000000000000e+00,0.000000000000000000e+00,1.000000000000000000e+00,9.999959729611873627e-06,1.200000000000000000e+03,6.000000000000000000e+02
3.750000000000000000e+02,0.000000000000000000e+00,5.981999999960000025e+01,-1.800000003999999987e-01,1.000000000000000000e+00,9.783664620243762711e-01,9.273768738840793002e-01,1.086936886511743250e+00,9.813901210475037828e-01,2.000000000000000000e+00,2.000000000000000000e+00,2.000000000000000000e+00,2.000000000000000000e+00,1.000000000000000000e+03,0.000000000000000000e+00,0.000000000000000000e+00,0.000000000000000000e+00,2.000000000000000000e+00,2.341927037629059427e+01,2.341751657251782959e+01,7.599058985767791796e+01,1.524642687511706285e+00,1.203422915432629203e+01,1.893449924781108462e-02,8.517599137740788251e+00,0.000000000000000000e+00,0.000000000000000000e+00,0.000000000000000000e+00,1.000000000000000000e+00,1.449999399483203888e-05,1.200000000000000000e+03,6.000000000000000000e+02
3.800000000000000000e+02,0.000000000000000000e+00,5.981999999899999665e+01,-1.800000009999999928e-01,1.000000000000000000e+00,9.783664620243762711e-01,9.273768738840793002e-01,1.086936886511743250e+00,9.770964650495529424e-01,2.000000000000000000e+00,2.000000000000000000e+00,1.990401917259796205e+00,2.000000000000000000e+00,1.000000000000000000e+03,0.000000000000000000e+00,0.000000000000000000e+00,0.000000000000000000e+00,2.000000000000000000e+00,2.341923812248722214e+01,2.343443874161403429e+01,7.599058985767791796e+01,1.524641277474812151e+00,1.205091173191412324e+01,6.460268645500200080e-03,8.517599137740788251e+00,0.000000000000000000e+00,0.000000000000000000e+00,0.000000000000000000e+00,1.000000000000000000e+00,1.039996277540922165e-05,1.200000000000000000e+03,6.000000000000000000e+02
3.850000000000000000e+02,0.000000000000000000e+00,5.981999999760000009e+01,-1.800000023999999976e-01,1.000000000000000000e+00,9.925786773969452748e-01,9.462859610519644971e-01,1.087018498907460939e+00,9.918863137126398000e-01,2.000000000000000000e+00,2.000000000000000000e+00,2.000000000000000000e+00,2.000000000000000000e+00,1.000000000000000000e+03,0.000000000000000000e+00,0.000000000000000000e+00,0.000000000000000000e+00,2.000000000000000000e+00,2.341920586878162780e+01,2.341720002205753204e+01,7.599058985767791796e+01,1.524639867442192598e+00,1.187293999438327319e+01,-1.462895459453017466e-02,8.517599137740788251e+00,0.000000000000000000e+00,0.000000000000000000e+00,0.000000000000000000e+00,1.000000000000000000e+00,7.800059393048286438e-06,6.000000000000000000e+02,3.000000000000000000e+02
3.900000000000000000e+02,0.000000000000000000e+00,5.981999999810000190e+01,-1.800000019000000118e-01,1.000000000000000000e+00,9.925786773969452748e-01,9.462859610519644971e-01,1.087018498907460939e+00,9.917936029032703438e-01,2.000000000000000000e+00,2.000000000000000000e+00,2.000000000000000000e+00,2.000000000000000444e+00,1.000000000000000227e+03,0.000000000000000000e+00,0.000000000000000000e+00,0.000000000000000000e+00,2.000000000000000444e+00,2.341917361517381124e+01,2.341254258463064275e+01,7.599058985767791796e+01,1.524638457413848069e+00,1.185284990209585843e+01,-1.439170143536872004e-02,8.395640086877188324e+00,0.000000000000000000e+00,0.000000000000000000e+00,0.000000000000000000e+00,1.000000000000000000e+00,7.700058631598949432e-06,6.000000000000000000e+02,3.000000000000000000e+02
3.950000000000000000e+02,0.000000000000000000e+00,5.981999999960000025e+01,-1.800000003999999987e-01,1.000000000000000000e+00,9.925786773969452748e-01,9.462859610519644971e-01,1.087018498907460939e+00,9.893926556394541105e-01,2.000000000000000000e+00,2.000000000000000000e+00,2.000000000000000000e+00,2.000000000000000444e+00,1.000000000000000227e+03,0.000000000000000000e+00,0.000000000000000000e+00,0.000000000000000000e+00,2.000000000000000444e+00,2.341914136166376892e+01,2.339350949611914743e+01,7.599058985767791796e+01,1.524637047389777456e+00,1.184660546104271539e+01,6.196744432147127668e-03,8.395640086877188324e+00,0.000000000000000000e+00,0.000000000000000000e+00,0.000000000000000000e+00,1.000000000000000000e+00,8.099945262074470520e-06,6.000000000000000000e+02,3.000000000000000000e+02
4.000000000000000000e+02,0.000000000000000000e+00,5.982000000019999675e+01,-1.799999998000000045e-01,1.000000000000000000e+00,9.925786773969452748e-01,9.462859610519644971e-01,1.087018498907460939e+00,9.910374800438155329e-01,2.000000000000000000e+00,2.000000000000000000e+00,1.966824261548171471e+00,2.000000000000000444e+00,1.000000000000000227e+03,0.000000000000000000e+00,0.000000000000000000e+00,0.000000000000000000e+00,2.000000000000000444e+00,2.341910910825151149e+01,2.346484223183331252e+01,7.599058985767791796e+01,1.524635637369981644e+00,1.186191731031528462e+01,1.866338595612810486e-02,8.395640086877188324e+00,0.000000000000000000e+00,0.000000000000000000e+00,0.000000000000000000e+00,1.000000000000000000e+00,9.000068530440330505e-06,6.000000000000000000e+02,3.000000000000000000e+02
4.050000000000000000e+02,0.000000000000000000e+00,5.981999999979999671e+01,-1.800000002000000099e-01,1.000000000000000000e+00,9.925786773969452748e-01,9.462859610519644971e-01,1.087018498907460939e+00,9.913755248926983121e-01,2.000000000000000000e+00,2.000000000000000000e+00,2.000000000000000000e+00,2.000000000000000444e+00,1.000000000000000227e+03,0.000000000000000000e+00,0.000000000000000000e+00,0.000000000000000000e+00,2.000000000000000444e+00,2.341907685493702829e+01,2.341901598410875707e+01,7.599058985767791796e+01,1.524634227354460414e+00,1.187836102267980110e+01,6.367772600513355030e-03,8.395640086877188324e+00,0.000000000000000000e+00,0.000000000000000000e+00,0.000000000000000000e+00,1.000000000000000000e+00,5.799927748739719391e-06,6.000000000000000000e+02,3.000000000000000000e+02
4.100000000000000000e+02,0.000000000000000000e+00,5.982000000099999681e+01,-1.799999989999999939e-01,1.000000000000000000e+00,9.925786773969452748e-01,9.462859610519644971e-01,1.087018498907460939e+00,9.935005162283719882e-01,2.000000000000000000e+00,2.000000000000000000e+00,2.000000000000000000e+00,2.000000000000000444e+00,1.000000000000000227e+03,0.000000000000000000e+00,0.000000000000000000e+00,0.000000000000000000e+00,2.000000000000000444e+00,2.341904460172032287e+01,2.341130124186235051e+01,7.599058985767791796e+01,1.524632817343213986e+00,1.187293999549863344e+01,-1.462895368855576805e-02,8.395640086877188324e+00,0.000000000000000000e+00,0.000000000000000000e+00,0.000000000000000000e+00,1.000000000000000000e+00,9.499955922365188599e-06,6.000000000000000000e+02,3.000000000000000000e+02
4.150000000000000000e+02,0.000000000000000000e+00,5.982000000250000227e+01,-1.799999975000000085e-01,1.000000000000000000e+00,9.925786773969452748e-01,9.462859610519644971e-01,1.087018498907460939e+00,9.904888133498070957e-01,2.000000000000000000e+00,2.000000000000000000e+00,2.000000000000000000e+00,2.000000000000000444e+00,1.000000000000000227e+03,0.000000000000000000e+00,0.000000000000000000e+00,0.000000000000000000e+00,2.000000000000000444e+00,2.341901234860139169e+01,2.338160306186016157e+01,7.599058985767791796e+01,1.524631407336241695e+00,1.185284989941425593e+01,-1.439169924573358017e-02,8.395640086877188324e+00,0.000000000000000000e+00,0.000000000000000000e+00,0.000000000000000000e+00,1.000000000000000000e+00,9.399955160915851593e-06,6.000000000000000000e+02,3.000000000000000000e+02
4.200000000000000000e+02,0.000000000000000000e+00,5.982000005310000290e+01,-1.799999469000000130e-01,1.000000000000000000e+00,9.925786773969452748e-01,9.462859610519644971e-01,1.087018498907460939e+00,9.951380119406328939e-01,2.000000000000000000e+00,2.000000000000000000e+00,1.976457036268324030e+00,2.000000000000000444e+00,1.000000000000000227e+03,0.000000000000000000e+00,0.000000000000000000e+00,0.000000000000000000e+00,2.000000000000000444e+00,2.341898009558023830e+01,2.345142082266017880e+01,7.599058985767791796e+01,1.524629997333543763e+00,1.184660547827242638e+01,6.196805183343201406e-03,8.395640086877188324e+00,0.000000000000000000e+00,0.000000000000000000e+00,0.000000000000000000e+00,1.000000000000000000e+00,7.599941454827785492e-06,6.000000000000000000e+02,3.000000000000000000e+02
4.250000000000000000e+02,0.000000000000000000e+00,6.001484086490000180e+01,1.484086490000000036e-02,1.000000000000000000e+00,9.925786773969452748e-01,9.462859610519644971e-01,1.087018498907460939e+00,9.930973303118987294e-01,2.000000000000000000e+00,2.000000000000000000e+00,2.000000000000000000e+00,2.000000000000000444e+00,1.000000000000000227e+03,0.000000000000000000e+00,0.000000000000000000e+00,0.000000000000000000e+00,2.000000000000000444e+00,2.341894784265686269e+01,2.347751537096746688e+01,7.599058985767791796e+01,1.524628587335120411e+00,1.185660107103437610e+01,1.777305679274054917e-02,8.395640086877188324e+00,0.000000000000000000e+00,0.000000000000000000e+00,0.000000000000000000e+00,1.000000000000000000e+00,4.599918611347675323e-06,6.000000000000000000e+02,3.000000000000000000e+02
4.300000000000000000e+02,0.000000000000000000e+00,6.000235540250000099e+01,2.355402499999999233e-03,1.000000000000000000e+00,9.925786773969452748e-01,9.462859610519644971e-01,1.087018498907460939e+00,9.913926658030620676e-01,2.000000000000000000e+00,2.000000000000000000e+00,2.000000000000000000e+00,2.000000000000000444e+00,1.000000000000000227e+03,0.000000000000000000e+00,0.000000000000000000e+00,0.000000000000000000e+00,2.000000000000000444e+00,2.341891558983126131e+01,2.342016680224165270e+01,7.599058985767791796e+01,1.524627177340971862e+00,1.185894945672269074e+01,1.845352196237293185e-02,8.395640086877188324e+00,0.000000000000000000e+00,0.000000000000000000e+00,0.000000000000000000e+00,1.000000000000000000e+00,4.799920134246349335e-06,6.000000000000000000e+02,3.000000000000000000e+02
4.350000000000000000e+02,0.000000000000000000e+00,6.000037236170000199e+01,3.723617000000001113e-04,1.000000000000000000e+00,9.925786773969452748e-01,9.462859610519644971e-01,1.087018498907460939e+00,9.944978681597470560e-01,2.000000000000000000e+00,2.000000000000000000e+00,2.000000000000000000e+00,2.000000000000000444e+00,1.000000000000000227e+03,0.000000000000000000e+00,0.000000000000000000e+00,0.000000000000000000e+00,2.000000000000000444e+00,2.341888333710343417e+01,2.339322207558845790e+01,7.599058985767791796e+01,1.524625767351097227e+00,1.185932914756941869e+01,1.852659377240717387e-02,8.395640086877188324e+00,0.000000000000000000e+00,0.000000000000000000e+00,0.000000000000000000e+00,1.000000000000000000e+00,3.200024366378784180e-06,6.000000000000000000e+02,3.000000000000000000e+02
4.400000000000000000e+02,0.000000000000000000e+00,6.000005886369999786e+01,5.886370000000000361e-05,1.000000000000000000e+00,9.925786773969452748e-01,9.462859610519644971e-01,1.087018498907460939e+00,9.931632135619359314e-01,2.000000000000000000e+00,2.000000000000000000e+00,2.000000000000000000e+00,2.000000000000000444e+00,1.000000000000000227e+03,0.000000000000000000e+00,0.000000000000000000e+00,0.000000000000000000e+00,2.000000000000000444e+00,2.341885108447338126e+01,2.342528470283667374e+01,7.599058985767791796e+01,1.524624357365497174e+00,1.185938933722985666e+01,1.853727153697071195e-02,8.395640086877188324e+00,0.000000000000000000e+00,0.000000000000000000e+00,0.000000000000000000e+00,1.000000000000000000e+00,2.700020559132099152e-06,6.000000000000000000e+02,3.000000000000000000e+02
4.450000000000000000e+02,0.000000000000000000e+00,6.000000930520000253e+01,9.305200000000000287e-06,1.000000000000000000e+00,9.925786773969452748e-01,9.462859610519644971e-01,1.087018498907460939e+00,9.919811302235883588e-01,2.000000000000000000e+00,2.000000000000000000e+00,2.000000000000000000e+00,2.000000000000000444e+00,1.000000000000000227e+03,0.000000000000000000e+00,0.000000000000000000e+00,0.000000000000000000e+00,2.000000000000000444e+00,2.341881883194110614e+01,2.342501660325758550e+01,7.599058985767791796e+01,1.524622947384171701e+00,1.185939885604692812e+01,1.853893761443747845e-02,8.395640086877188324e+00,0.000000000000000000e+00,0.000000000000000000e+00,0.000000000000000000e+00,1.000000000000000000e+00,3.499910235404968262e-06,6.000000000000000000e+02,3.000000000000000000e+02
4.500000000000000000e+02,0.000000000000000000e+00,6.000000147090000269e+01,1.470899999999999758e-06,1.000000000000000000e+00,9.925786773969452748e-01,9.462859610519644971e-01,1.087018498907460939e+00,9.935857191269333866e-01,2.000000000000000000e+00,2.000000000000000000e+00,2.000000000000000000e+00,2.000000000000000444e+00,1.000000000000000227e+03,0.000000000000000000e+00,0.000000000000000000e+00,0.000000000000000000e+00,2.000000000000000444e+00,2.341878657950660525e+01,2.343654574804973123e+01,7.599058985767791796e+01,1.524621537407120586e+00,1.185940036081363402e+01,1.853920042928280942e-02,8.395640086877188324e+00,0.000000000000000000e+00,0.000000000000000000e+00,0.000000000000000000e+00,1.000000000000000000e+00,3.300025127828121185e-06,6.000000000000000000e+02,3.000000000000000000e+02
4.550000000000000000e+02,0.000000000000000000e+00,6.000000023249999970e+01,2.325000000000001033e-07,1.000000000000000000e+00,9.925786773969452748e-01,9.462859610519644971e-01,1.087018498907460939e+00,9.892064401502214110e-01,2.000000000000000000e+00,2.000000000000000000e+00,2.000000000000000000e+00,2.000000000000000444e+00,1.000000000000000227e+03,0.000000000000000000e+00,0.000000000000000000e+00,0.000000000000000000e+00,2.000000000000000444e+00,2.341875432716987504e+01,2.336035397481686005e+01,7.599058985767791796e+01,1.524620127434343830e+00,1.185940059866940466e+01,1.853924195782730155e-02,8.395640086877188324e+00,0.000000000000000000e+00,0.000000000000000000e+00,0.000000000000000000e+00,1.000000000000000000e+00,5.600042641162872314e-06,6.000000000000000000e+02,3.000000000000000000e+02
4.600000000000000000e+02,0.000000000000000000e+00,6.000000003680000304e+01,3.680000000000001189e-08,1.000000000000000000e+00,9.925786773969452748e-01,9.462859610519644971e-01,1.087018498907460939e+00,9.942879559018827917e-01,2.000000000000000000e+00,2.000000000000000000e+00,2.000000000000000000e+00,2.000000000000000444e+00,1.000000000000000227e+03,0.000000000000000000e+00,0.000000000000000000e+00,0.000000000000000000e+00,2.000000000000000444e+00,2.341872207493092262e+01,2.341422390498045658e+01,7.599058985767791796e+01,1.524618717465841433e+00,1.185940063631705321e+01,1.853924853077082435e-02,8.395640086877188324e+00,0.000000000000000000e+00,0.000000000000000000e+00,0.000000000000000000e+00,1.000000000000000000e+00,3.100023604929447174e-06,6.000000000000000000e+02,3.000000000000000000e+02
4.650000000000000000e+02,0.000000000000000000e+00,6.000000000589999871e+01,5.899999999999999892e-09,1.000000000000000000e+00,9.992389503119225580e-01,9.611090630531948786e-01,1.074629240986894940e+00,9.985014980225701553e-01,2.000000000000000000e+00,2.000000000000000000e+00,2.000000000000000000e+00,2.000000000000000444e+00,1.000000000000000227e+03,0.000000000000000000e+00,0.000000000000000000e+00,0.000000000000000000e+00,2.000000000000000444e+00,2.341868982278974087e+01,2.343779504517364742e+01,7.599058985767791796e+01,1.524617307501613173e+00,1.178035363876916897e+01,1.841567907973551410e-02,8.395640086877188324e+00,0.000000000000000000e+00,0.000000000000000000e+00,0.000000000000000000e+00,1.000000000000000000e+00,4.900037311017513275e-06,0.000000000000000000e+00,0.000000000000000000e+00
4.700000000000000000e+02,0.000000000000000000e+00,6.000000000099999653e+01,9.999999999999998555e-10,1.000000000000000000e+00,9.992389503119225580e-01,9.611090630531948786e-01,1.074629240986894940e+00,9.996728112878319195e-01,2.000000000000000000e+00,2.000000000000000000e+00,2.000000000000000000e+00,2.000000000000000000e+00,1.000000000000000000e+03,0.000000000000000000e+00,0.000000000000000000e+00,0.000000000000000000e+00,2.000000000000000000e+00,2.341865757074633336e+01,2.338354102483723551e+01,7.599058985767791796e+01,1.524615897541659493e+00,1.178035363978520778e+01,1.841567925737841449e-02,8.339680244381986185e+00,0.000000000000000000e+00,0.000000000000000000e+00,0.000000000000000000e+00,1.000000000000000000e+00,3.300025127828121185e-06,0.000000000000000000e+00,0.000000000000000000e+00
4.750000000000000000e+02,0.000000000000000000e+00,6.000000000019999646e+01,2.000000000000000331e-10,1.000000000000000000e+00,9.992389503119225580e-01,9.611090630531948786e-01,1.074629240986894940e+00,9.988853639248953531e-01,2.000000000000000000e+00,2.000000000000000000e+00,2.000000000000000000e+00,2.000000000000000000e+00,1.000000000000000000e+03,0.000000000000000000e+00,0.000000000000000000e+00,0.000000000000000000e+00,2.000000000000000000e+00,2.341862531880070009e+01,2.342211597587146699e+01,7.599058985767791796e+01,1.524614487585980172e+00,1.178035363998837326e+01,1.841567929302667661e-02,8.339680244381986185e+00,0.000000000000000000e+00,0.000000000000000000e+00,0.000000000000000000e+00,1.000000000000000000e+00,5.000038072466850281e-06,0.000000000000000000e+00,0.000000000000000000e+00
4.800000000000000000e+02,0.000000000000000000e+00,6.000000000000000000e+01,0.000000000000000000e+00,1.000000000000000000e+00,9.992389503119225580e-01,9.611090630531948786e-01,1.074629240986894940e+00,1.001463164855381116e+00,2.000000000000000000e+00,2.000000000000000000e+00,2.000000000000000000e+00,2.000000000000000000e+00,1.000000000000000000e+03,0.000000000000000000e+00,0.000000000000000000e+00,0.000000000000000000e+00,2.000000000000000000e+00,2.341859306695283749e+01,2.345113560491173033e+01,7.599058985767791796e+01,1.524613077634574987e+00,1.178035363998846918e+01,1.841567929291243466e-02,8.339680244381986185e+00,0.000000000000000000e+00,0.000000000000000000e+00,0.000000000000000000e+00,1.000000000000000000e+00,2.500019036233425140e-06,0.000000000000000000e+00,0.000000000000000000e+00
4.850000000000000000e+02,0.000000000000000000e+00,5.999999999989999822e+01,-1.000000000000000036e-10,1.000000000000000000e+00,9.992389503119225580e-01,9.611090630531948786e-01,1.074629240986894940e+00,1.000267991438558823e+00,2.000000000000000000e+00,2.000000000000000000e+00,2.000000000000000000e+00,2.000000000000000000e+00,1.000000000000000000e+03,0.000000000000000000e+00,0.000000000000000000e+00,0.000000000000000000e+00,2.000000000000000000e+00,2.341856081520274913e+01,2.340689645336067315e+01,7.599058985767791796e+01,1.524611667687444161e+00,1.178035363988712092e+01,1.841567927477349986e-02,8.339680244381986185e+00,0.000000000000000000e+00,0.000000000000000000e+00,0.000000000000000000e+00,1.000000000000000000e+00,4.399917088449001312e-06,0.000000000000000000e+00,0.000000000000000000e+00
4.900000000000000000e+02,0.000000000000000000e+00,5.999999999989999822e+01,-1.000000000000000036e-10,1.000000000000000000e+00,9.992389503119225580e-01,9.611090630531948786e-01,1.074629240986894940e+00,9.966395197658542982e-01,2.000000000000000000e+00,2.000000000000000000e+00,2.000000000000000000e+00,2.000000000000000000e+00,1.000000000000000000e+03,0.000000000000000000e+00,0.000000000000000000e+00,0.000000000000000000e+00,2.000000000000000000e+00,2.341852856355043500e+01,2.344235800727671659e+01,7.599058985767791796e+01,1.524610257744587916e+00,1.178035363978572292e+01,1.841567925671228068e-02,8.339680244381986185e+00,0.000000000000000000e+00,0.000000000000000000e+00,0.000000000000000000e+00,1.000000000000000000e+00,5.299923941493034363e-06,0.000000000000000000e+00,0.000000000000000000e+00
4.950000000000000000e+02,0.000000000000000000e+00,5.999999999989999822e+01,-1.000000000000000036e-10,1.000000000000000000e+00,9.992389503119225580e-01,9.611090630531948786e-01,1.074629240986894940e+00,9.996718000141777694e-01,2.000000000000000000e+00,2.000000000000000000e+00,2.000000000000000000e+00,2.000000000000000000e+00,1.000000000000000000e+03,0.000000000000000000e+00,0.000000000000000000e+00,0.000000000000000000e+00,2.000000000000000000e+00,2.341849631199588799e+01,2.336650233714540548e+01,7.599058985767791796e+01,1.524608847806005807e+00,1.178035363968431959e+01,1.841567923863152156e-02,8.339680244381986185e+00,0.000000000000000000e+00,0.000000000000000000e+00,0.000000000000000000e+00,1.000000000000000000e+00,5.500041879713535309e-06,0.000000000000000000e+00,0.000000000000000000e+00
5.000000000000000000e+02,0.000000000000000000e+00,6.000000000000000000e+01,0.000000000000000000e+00,1.000000000000000000e+00,9.992389503119225580e-01,9.611090630531948786e-01,1.074629240986894940e+00,9.995896199988526520e-01,2.000000000000000000e+00,2.000000000000000000e+00,2.000000000000000000e+00,2.000000000000000000e+00,1.000000000000000000e+03,0.000000000000000000e+00,0.000000000000000000e+00,0.000000000000000000e+00,2.000000000000000000e+00,2.341846406053911522e+01,2.340715182702708219e+01,7.599058985767791796e+01,1.524607437871697835e+00,1.178035363968426452e+01,1.841567923871623158e-02,8.339680244381986185e+00,0.000000000000000000e+00,0.000000000000000000e+00,0.000000000000000000e+00,1.000000000000000000e+00,3.500026650726795197e-06,0.000000000000000000e+00,0.000000000000000000e+00
5.050000000000000000e+02,0.000000000000000000e+00,5.999999999989999822e+01,-1.000000000000000036e-10,1.000000000000000000e+00,9.992389503119225580e-01,9.611090630531948786e-01,1.074629240986894940e+00,9.996597401895818136e-01,2.000000000000000000e+00,2.000000000000000000e+00,2.000000000000000000e+00,2.000000000000000000e+00,1.000000000000000000e+03,0.000000000000000000e+00,0.000000000000000000e+00,0.000000000000000000e+00,2.000000000000000000e+00,2.341843180918011669e+01,2.339050889590039617e+01,7.599058985767791796e+01,1.524606027941664221e+00,1.178035363958291803e+01,1.841567922058473528e-02,8.339680244381986185e+00,0.000000000000000000e+00,0.000000000000000000e+00,0.000000000000000000e+00,1.000000000000000000e+00,3.500026650726795197e-06,0.000000000000000000e+00,0.000000000000000000e+00
5.100000000000000000e+02,0.000000000000000000e+00,6.000000000000000000e+01,0.000000000000000000e+00,1.000000000000000000e+00,9.992389503119225580e-01,9.611090630531948786e-01,1.074629240986894940e+00,1.000166613224834578e+00,2.000000000000000000e+00,2.000000000000000000e+00,2.000000000000000000e+00,2.000000000000000000e+00,1.000000000000000000e+03,0.000000000000000000e+00,0.000000000000000000e+00,0.000000000000000000e+00,2.000000000000000000e+00,2.341839955791888528e+01,2.345883092703475725e+01,7.599058985767791796e+01,1.524604618015904745e+00,1.178035363958286652e+01,1.841567922063658269e-02,8.339680244381986185e+00,0.000000000000000000e+00,0.000000000000000000e+00,0.000000000000000000e+00,1.000000000000000000e+00,3.599910996854305267e-06,0.000000000000000000e+00,0.000000000000000000e+00
5.150000000000000000e+02,0.000000000000000000e+00,6.000000000000000000e+01,0.000000000000000000e+00,1.000000000000000000e+00,9.992389503119225580e-01,9.611090630531948786e-01,1.074629240986894940e+00,1.001925636287315458e+00,2.000000000000000000e+00,2.000000000000000000e+00,2.000000000000000000e+00,2.000000000000000000e+00,1.000000000000000000e+03,0.000000000000000000e+00,0.000000000000000000e+00,0.000000000000000000e+00,2.000000000000000000e+00,2.341836730675542455e+01,2.340949612011545611e+01,7.599058985767791796e+01,1.524603208094419626e+00,1.178035363958286830e+01,1.841567922061970730e-02,8.339680244381986185e+00,0.000000000000000000e+00,0.000000000000000000e+00,0.000000000000000000e+00,1.000000000000000000e+00,5.100038833916187286e-06,0.000000000000000000e+00,0.000000000000000000e+00
5.200000000000000000e+02,0.000000000000000000e+00,6.000000000000000000e+01,0.000000000000000000e+00,1.000000000000000000e+00,9.992389503119225580e-01,9.611090630531948786e-01,1.074629240986894940e+00,1.004312809452186261e+00,2.000000000000000000e+00,2.000000000000000000e+00,2.000000000000000000e+00,2.000000000000000000e+00,1.000000000000000000e+03,0.000000000000000000e+00,0.000000000000000000e+00,0.000000000000000000e+00,2.000000000000000000e+00,2.341833505568973450e+01,2.346596105145219369e+01,7.599058985767791796e+01,1.524601798177208867e+00,1.178035363958286652e+01,1.841567922063280793e-02,8.339680244381986185e+00,0.000000000000000000e+00,0.000000000000000000e+00,0.000000000000000000e+00,1.000000000000000000e+00,4.800036549568176270e-06,0.000000000000000000e+00,0.000000000000000000e+00
5.250000000000000000e+02,0.000000000000000000e+00,6.000000000010000178e+01,1.000000000000000036e-10,1.000000000000000000e+00,9.992389503119225580e-01,9.611090630531948786e-01,1.074629240986894940e+00,9.995666326965887416e-01,2.000000000000000000e+00,2.000000000000000000e+00,2.000000000000000000e+00,2.000000000000000000e+00,1.000000000000000000e+03,0.000000000000000000e+00,0.000000000000000000e+00,0.000000000000000000e+00,2.000000000000000000e+00,2.341830280472181514e+01,2.340681679025881223e+01,7.599058985767791796e+01,1.524600388264272022e+00,1.178035363968421478e+01,1.841567923878628665e-02,8.339680244381986185e+00,0.000000000000000000e+00,0.000000000000000000e+00,0.000000000000000000e+00,1.000000000000000000e+00,4.399917088449001312e-06,0.000000000000000000e+00,0.000000000000000000e+00
5.300000000000000000e+02,0.000000000000000000e+00,5.999999999989999822e+01,-1.000000000000000036e-10,1.000000000000000000e+00,9.992389503119225580e-01,9.611090630531948786e-01,1.074629240986894940e+00,9.967354626807735096e-01,2.000000000000000000e+00,2.000000000000000000e+00,2.000000000000000000e+00,2.000000000000000000e+00,1.000000000000000000e+03,0.000000000000000000e+00,0.000000000000000000e+00,0.000000000000000000e+00,2.000000000000000000e+00,2.341827055385167000e+01,2.342838768832712404e+01,7.599058985767791796e+01,1.524598978355609535e+00,1.178035363958291803e+01,1.841567922058473528e-02,8.339680244381986185e+00,0.000000000000000000e+00,0.000000000000000000e+00,0.000000000000000000e+00,1.000000000000000000e+00,5.400041118264198303e-06,0.000000000000000000e+00,0.000000000000000000e+00
5.350000000000000000e+02,0.000000000000000000e+00,5.999999999989999822e+01,-1.000000000000000036e-10,1.000000000000000000e+00,9.992389503119225580e-01,9.611090630531948786e-01,1.074629240986894940e+00,9.982357557690711980e-01,2.000000000000000000e+00,2.000000000000000000e+00,2.000000000000000000e+00,2.000000000000000000e+00,1.000000000000000000e+03,0.000000000000000000e+00,0.000000000000000000e+00,0.000000000000000000e+00,2.000000000000000000e+00,2.341823830307929200e+01,2.341675272294101617e+01,7.599058985767791796e+01,1.524597568451221408e+00,1.178035363948152003e+01,1.841567920248998735e-02,8.339680244381986185e+00,0.000000000000000000e+00,0.000000000000000000e+00,0.000000000000000000e+00,1.000000000000000000e+00,3.200024366378784180e-06,0.000000000000000000e+00,0.000000000000000000e+00
5.400000000000000000e+02,0.000000000000000000e+00,5.999999999980000354e+01,-2.000000000000000073e-10,1.000000000000000000e+00,9.992389503119225580e-01,9.611090630531948786e-01,1.074629240986894940e+00,9.975843745103134541e-01,2.000000000000000000e+00,2.000000000000000000e+00,2.000000000000000000e+00,2.000000000000000000e+00,1.000000000000000000e+03,0.000000000000000000e+00,0.000000000000000000e+00,0.000000000000000000e+00,2.000000000000000000e+00,2.341820605240468467e+01,2.338739936024641253e+01,7.599058985767791796e+01,1.524596158551107417e+00,1.178035363927895496e+01,1.841567916629505142e-02,8.339680244381986185e+00,0.000000000000000000e+00,0.000000000000000000e+00,0.000000000000000000e+00,1.000000000000000000e+00,5.000038072466850281e-06,0.000000000000000000e+00,0.000000000000000000e+00
5.450000000000000000e+02,0.000000000000000000e+00,5.999999999989999822e+01,-1.000000000000000036e-10,1.000000000000000000e+00,9.992389503119225580e-01,9.611090630531948786e-01,1.074629240986894940e+00,9.991425973469078015e-01,2.000000000000000000e+00,2.000000000000000000e+00,2.000000000000000000e+00,2.000000000000000000e+00,1.000000000000000000e+03,0.000000000000000000e+00,0.000000000000000000e+00,0.000000000000000000e+00,2.000000000000000000e+00,2.341817380182784092e+01,2.337229265067432138e+01,7.599058985767791796e+01,1.524594748655267340e+00,1.178035363917749478e+01,1.841567914827391128e-02,8.339680244381986185e+00,0.000000000000000000e+00,0.000000000000000000e+00,0.000000000000000000e+00,1.000000000000000000e+00,4.300032742321491241e-06,0.000000000000000000e+00,0.000000000000000000e+00
5.500000000000000000e+02,0.000000000000000000e+00,6.000000000000000000e+01,0.000000000000000000e+00,1.000000000000000000e+00,9.992389503119225580e-01,9.611090630531948786e-01,1.074629240986894940e+00,9.979390379223199714e-01,2.000000000000000000e+00,2.000000000000000000e+00,2.000000000000000000e+00,2.000000000000000000e+00,1.000000000000000000e+03,0.000000000000000000e+00,0.000000000000000000e+00,0.000000000000000000e+00,2.000000000000000000e+00,2.341814155134876785e+01,2.344374468093020525e+01,7.599058985767791796e+01,1.524593338763701400e+00,1.178035363917743794e+01,1.841567914837927145e-02,8.339680244381986185e+00,0.000000000000000000e+00,0.000000000000000000e+00,0.000000000000000000e+00,1.000000000000000000e+00,2.300017513334751129e-06,0.000000000000000000e+00,0.000000000000000000e+00
5.550000000000000000e+02,0.000000000000000000e+00,6.000000000000000000e+01,0.000000000000000000e+00,1.000000000000000000e+00,9.992389503119225580e-01,9.611090630531948786e-01,1.074629240986894940e+00,1.002235553678052282e+00,2.000000000000000000e+00,2.000000000000000000e+00,2.000000000000000000e+00,2.000000000000000000e+00,1.000000000000000000e+03,0.000000000000000000e+00,0.000000000000000000e+00,0.000000000000000000e+00,2.000000000000000000e+00,2.341810930096746191e+01,2.342970436077623830e+01,7.599058985767791796e+01,1.524591928876409819e+00,1.178035363917743794e+01,1.841567914837927145e-02,8.339680244381986185e+00,0.000000000000000000e+00,0.000000000000000000e+00,0.000000000000000000e+00,1.000000000000000000e+00,5.900044925510883331e-06,0.000000000000000000e+00,0.000000000000000000e+00
5.600000000000000000e+02,0.000000000000000000e+00,6.000000000000000000e+01,0.000000000000000000e+00,1.000000000000000000e+00,9.992389503119225580e-01,9.611090630531948786e-01,1.074629240986894940e+00,9.977309066936698168e-01,2.000000000000000000e+00,2.000000000000000000e+00,2.000000000000000000e+00,2.000000000000000000e+00,1.000000000000000000e+03,0.000000000000000000e+00,0.000000000000000000e+00,0.000000000000000000e+00,2.000000000000000000e+00,2.341807705068392309e+01,2.341342757349167769e+01,7.599058985767791796e+01,1.524590518993392152e+00,1.178035363917744149e+01,1.841567914836172992e-02,8.339680244381986185e+00,0.000000000000000000e+00,0.000000000000000000e+00,0.000000000000000000e+00,1.000000000000000000e+00,3.200024366378784180e-06,0.000000000000000000e+00,0.000000000000000000e+00
5.650000000000000000e+02,0.000000000000000000e+00,6.000000000000000000e+01,0.000000000000000000e+00,1.000000000000000000e+00,9.992389503119225580e-01,9.611090630531948786e-01,1.074629240986894940e+00,9.991443672974885670e-01,2.000000000000000000e+00,2.000000000000000000e+00,2.000000000000000000e+00,2.000000000000000000e+00,1.000000000000000000e+03,0.000000000000000000e+00,0.000000000000000000e+00,0.000000000000000000e+00,2.000000000000000000e+00,2.341804480049815496e+01,2.341498272320248830e+01,7.599058985767791796e+01,1.524589109114648622e+00,1.178035363917744149e+01,1.841567914836172992e-02,8.339680244381986185e+00,0.000000000000000000e+00,0.000000000000000000e+00,0.000000000000000000e+00,1.000000000000000000e+00,3.800028935074806213e-06,0.000000000000000000e+00,0.000000000000000000e+00
5.700000000000000000e+02,0.000000000000000000e+00,6.000000000010000178e+01,1.000000000000000036e-10,1.000000000000000000e+00,9.992389503119225580e-01,9.611090630531948786e-01,1.074629240986894940e+00,1.001155876219685048e+00,2.000000000000000000e+00,2.000000000000000000e+00,2.000000000000000000e+00,2.000000000000000000e+00,1.000000000000000000e+03,0.000000000000000000e+00,0.000000000000000000e+00,0.000000000000000000e+00,2.000000000000000000e+00,2.341801255041015395e+01,2.341683265481213638e+01,7.599058985767791796e+01,1.524587699240179450e+00,1.178035363927878976e+01,1.841567916653319426e-02,8.339680244381986185e+00,0.000000000000000000e+00,0.000000000000000000e+00,0.000000000000000000e+00,1.000000000000000000e+00,4.900037311017513275e-06,0.000000000000000000e+00,0.000000000000000000e+00
5.750000000000000000e+02,0.000000000000000000e+00,6.000000000000000000e+01,0.000000000000000000e+00,1.000000000000000000e+00,9.992389503119225580e-01,9.611090630531948786e-01,1.074629240986894940e+00,1.000541936432609136e+00,2.000000000000000000e+00,2.000000000000000000e+00,2.000000000000000000e+00,2.000000000000000000e+00,1.000000000000000000e+03,0.000000000000000000e+00,0.000000000000000000e+00,0.000000000000000000e+00,2.000000000000000000e+00,2.341798030041992007e+01,2.336378951478741328e+01,7.599058985767791796e+01,1.524586289369983971e+00,1.178035363927883949e+01,1.841567916643971348e-02,8.339680244381986185e+00,0.000000000000000000e+00,0.000000000000000000e+00,0.000000000000000000e+00,1.000000000000000000e+00,5.400041118264198303e-06,0.000000000000000000e+00,0.000000000000000000e+00
5.800000000000000000e+02,0.000000000000000000e+00,5.999999999989999822e+01,-1.000000000000000036e-10,1.000000000000000000e+00,9.992389503119225580e-01,9.611090630531948786e-01,1.074629240986894940e+00,1.001450320229248181e+00,2.000000000000000000e+00,2.000000000000000000e+00,2.000000000000000000e+00,2.000000000000000000e+00,1.000000000000000000e+03,0.000000000000000000e+00,0.000000000000000000e+00,0.000000000000000000e+00,2.000000000000000000e+00,2.341794805052745332e+01,2.338530698296580113e+01,7.599058985767791796e+01,1.524584879504062851e+00,1.178035363917749478e+01,1.841567914827391128e-02,8.339680244381986185e+00,0.000000000000000000e+00,0.000000000000000000e+00,0.000000000000000000e+00,1.000000000000000000e+00,6.700051017105579376e-06,0.000000000000000000e+00,0.000000000000000000e+00
5.850000000000000000e+02,0.000000000000000000e+00,5.999999999989999822e+01,-1.000000000000000036e-10,1.000000000000000000e+00,9.992389503119225580e-01,9.611090630531948786e-01,1.074629240986894940e+00,9.969799570192385829e-01,2.000000000000000000e+00,2.000000000000000000e+00,2.000000000000000000e+00,2.000000000000000000e+00,1.000000000000000000e+03,0.000000000000000000e+00,0.000000000000000000e+00,0.000000000000000000e+00,2.000000000000000000e+00,2.341791580073275370e+01,2.339369477738141967e+01,7.599058985767791796e+01,1.524583469642415423e+00,1.178035363907609145e+01,1.841567913024388936e-02,8.339680244381986185e+00,0.000000000000000000e+00,0.000000000000000000e+00,0.000000000000000000e+00,1.000000000000000000e+00,4.799920134246349335e-06,0.000000000000000000e+00,0.000000000000000000e+00
5.900000000000000000e+02,0.000000000000000000e+00,5.999999999980000354e+01,-2.000000000000000073e-10,1.000000000000000000e+00,9.992389503119225580e-01,9.611090630531948786e-01,1.074629240986894940e+00,1.000405561109287245e+00,2.000000000000000000e+00,2.000000000000000000e+00,2.000000000000000000e+00,2.000000000000000000e+00,1.000000000000000000e+03,0.000000000000000000e+00,0.000000000000000000e+00,0.000000000000000000e+00,2.000000000000000000e+00,2.341788355103582120e+01,2.343086695396924313e+01,7.599058985767791796e+01,1.524582059785042354e+00,1.178035363887352638e+01,1.841567909407038073e-02,8.339680244381986185e+00,0.000000000000000000e+00,0.000000000000000000e+00,0.000000000000000000e+00,1.000000000000000000e+00,2.900022082030773163e-06,0.000000000000000000e+00,0.000000000000000000e+00
5.950000000000000000e+02,0.000000000000000000e+00,5.999999999989999822e+01,-1.000000000000000036e-10,1.000000000000000000e+00,9.992389503119225580e-01,9.611090630531948786e-01,1.074629240986894940e+00,9.968146732834919366e-01,2.000000000000000000e+00,2.000000000000000000e+00,2.000000000000000000e+00,2.000000000000000000e+00,1.000000000000000000e+03,0.000000000000000000e+00,0.000000000000000000e+00,0.000000000000000000e+00,2.000000000000000000e+00,2.341785130143665228e+01,2.347368738504400554e+01,7.599058985767791796e+01,1.524580649931943199e+00,1.178035363877206443e+01,1.841567907604957366e-02,8.339680244381986185e+00,0.000000000000000000e+00,0.000000000000000000e+00,0.000000000000000000e+00,1.000000000000000000e+00,5.599926225841045380e-06,0.000000000000000000e+00,0.000000000000000000e+00
6.000000000000000000e+02,0.000000000000000000e+00,6.000000000000000000e+01,0.000000000000000000e+00,1.000000000000000000e+00,9.992389503119225580e-01,9.611090630531948786e-01,1.074629240986894940e+00,9.997268170478194049e-01,2.000000000000000000e+00,2.000000000000000000e+00,2.000000000000000000e+00,2.000000000000000000e+00,1.000000000000000000e+03,0.000000000000000000e+00,0.000000000000000000e+00,0.000000000000000000e+00,2.000000000000000000e+00,2.341781905193525404e+01,2.342261790464547033e+01,7.599058985767791796e+01,1.524579240083118403e+00,1.178035363877201291e+01,1.841567907609675814e-02,8.339680244381986185e+00,0.000000000000000000e+00,0.000000000000000000e+00,0.000000000000000000e+00,1.000000000000000000e+00,3.499910235404968262e-06,0.000000000000000000e+00,0.000000000000000000e+00
