aggregate_energy_kwh,allocation_strategy,comfort_band_c,comfort_violation_count,comfort_violation_degree_minutes,controller,current_saturation_count,experiment_set,feeder_extra_load_kvar,feeder_extra_load_kw,fleet_size,frequency_nadir_hz,frequency_overshoot_hz,inverter_q_max_kvar,inverter_s_rated_kva,max_abs_frequency_deviation_hz,max_aggregate_p_kw,max_aggregate_q_kvar,max_compute_time_ms,max_feeder_voltage_pu,max_pcc_voltage_pu,max_unit_apparent_kva,mean_compute_time_ms,mean_pcc_voltage_pu,measurement_delay_steps,min_feeder_voltage_pu,min_pcc_voltage_pu,mpc_feasibility_rate,ramp_limited_count,reactive_support_kvarh,scenario,tcl_share_percent,temperature_max_c,temperature_min_c,thermal_ambient_temperature_c,thermal_calibration_source,thermal_capacitance_kwh_per_c,thermal_cop,thermal_resistance_c_per_kw,thermal_setpoint_c,voltage_event_type,voltage_sag_pu
168.05555555555557,load_proportional,1.0,0.0,0.0,no_support,0.0,full,0.0,0.0,500,59.8,0.0,2.2,4.0,0.20000000000000284,1000.0000000000002,0.0,0.009499955922365189,1.076961163640929,1.0001414618335638,2.0000000000000004,0.0029363638667528292,0.9679394709066225,0,0.8791644640508466,0.9184961148919875,1.0,0.0,0.0,voltage_sag_0.90,28.851702250432776,23.88888888888889,23.882294773257463,31.800000000000004,"NREL ResStock AMY2018 2024 release 2, baseline upgrade 0, EnergyPlus outputs",39.99999999999999,3.4656531767893086,2.7155349371558803,23.88888888888889,source_sag,0.9
167.73713325234522,load_proportional,1.0,0.0,0.0,rule_based,0.0,full,0.0,0.0,500,59.800023634496675,0.0,2.2,4.0,0.19997636550332487,1000.0000000000002,1100.0,0.011500087566673756,1.0746292409868952,0.9992389503119228,2.9516931089309515,0.003020667801957485,0.9741346053858322,0,0.8998367956532145,0.9407293009939814,1.0,0.0,60.6074401048476,voltage_sag_0.90,28.851702250432776,23.88888888888889,23.882348639357495,31.800000000000004,"NREL ResStock AMY2018 2024 release 2, baseline upgrade 0, EnergyPlus outputs",39.99999999999999,3.4656531767893086,2.7155349371558803,23.88888888888889,source_sag,0.9
102.02619160917104,load_proportional,1.0,0.0,0.0,dmpc_active_only,0.0,full,0.0,0.0,500,59.916666666666664,0.11566987411635665,2.2,4.0,0.11566987411635665,1407.542720245269,0.0,182.8347999835387,1.074631920140344,1.0028179449048558,2.815085440490538,88.1386438051762,0.9722114396012205,0,0.89091705514802,0.9250404066622336,1.0,9.0,0.0,voltage_sag_0.90,28.851702250432776,23.89585460322942,23.888027403114265,31.800000000000004,"NREL ResStock AMY2018 2024 release 2, baseline upgrade 0, EnergyPlus outputs",39.99999999999999,3.4656531767893086,2.7155349371558803,23.88888888888889,source_sag,0.9
102.02619160917105,load_proportional,1.0,0.0,0.0,dmpc_pq,0.0,full,0.0,0.0,500,59.916666666666664,0.11566987411635665,2.2,4.0,0.11566987411635665,1407.542720245269,1100.0,182.17009992804378,1.0746319201403451,0.9997066541029003,2.815085440490538,88.40938925566074,0.9779533485421338,0,0.899849282363175,0.9435369594639234,1.0,9.0,53.87418317084621,voltage_sag_0.90,28.851702250432776,23.89585460322942,23.888027403114265,31.800000000000004,"NREL ResStock AMY2018 2024 release 2, baseline upgrade 0, EnergyPlus outputs",39.99999999999999,3.4656531767893086,2.7155349371558803,23.88888888888889,source_sag,0.9
102.04562846498003,load_proportional,1.0,0.0,0.0,dmpc_full_pq,0.0,full,0.0,0.0,500,59.91666666660108,0.11566945187928468,2.2,4.0,0.11566945187928468,1400.2369698709247,1100.0,314.0249999705702,1.0640645510690223,1.0077779579504405,3.474597432041366,226.4281760300856,0.9819083245351974,0,0.8998654692279419,0.9491921673659799,1.0,9.0,118.08759222259916,voltage_sag_0.90,28.851702250432776,23.895852336903065,23.888025427997235,31.800000000000004,"NREL ResStock AMY2018 2024 release 2, baseline upgrade 0, EnergyPlus outputs",39.99999999999999,3.4656531767893086,2.7155349371558803,23.88888888888889,source_sag,0.9
168.05555555555557,load_proportional,1.0,0.0,0.0,no_support,0.0,full,0.0,0.0,500,59.8,0.0,2.2,4.0,0.20000000000000284,1000.0000000000002,0.0,0.00970007386058569,1.076961163640929,1.0001414618335638,2.0000000000000004,0.002890908975184949,0.9750906053037344,0,0.8987910556631095,0.9396006822590736,1.0,0.0,0.0,voltage_sag_0.92,28.851702250432776,23.88888888888889,23.882294773257463,31.800000000000004,"NREL ResStock AMY2018 2024 release 2, baseline upgrade 0, EnergyPlus outputs",39.99999999999999,3.4656531767893086,2.7155349371558803,23.88888888888889,source_sag,0.92
167.73713325234522,load_proportional,1.0,0.0,0.0,rule_based,0.0,full,0.0,0.0,500,59.800023634496675,0.0,2.2,4.0,0.19997636550332487,1000.0000000000002,1100.0,0.007999944500625134,1.0746292409868952,0.9992389503119228,2.9516931089309515,0.002914870327169245,0.9787441686452949,0,0.9091223442246377,0.9491585059138019,1.0,0.0,39.81915729452615,voltage_sag_0.92,28.851702250432776,23.88888888888889,23.882348639357495,31.800000000000004,"NREL ResStock AMY2018 2024 release 2, baseline upgrade 0, EnergyPlus outputs",39.99999999999999,3.4656531767893086,2.7155349371558803,23.88888888888889,source_sag,0.92
102.02619160917104,load_proportional,1.0,0.0,0.0,dmpc_active_only,0.0,full,0.0,0.0,500,59.916666666666664,0.11566987411635665,2.2,4.0,0.11566987411635665,1407.542720245269,0.0,205.41210006922483,1.074631920140344,1.0028179449048558,2.815085440490538,89.34131404673603,0.9794372109681071,0,0.9108986724354322,0.9463652441108501,1.0,9.0,0.0,voltage_sag_0.92,28.851702250432776,23.89585460322942,23.888027403114265,31.800000000000004,"NREL ResStock AMY2018 2024 release 2, baseline upgrade 0, EnergyPlus outputs",39.99999999999999,3.4656531767893086,2.7155349371558803,23.88888888888889,source_sag,0.92
102.02619160917104,load_proportional,1.0,0.0,0.0,dmpc_pq,0.0,full,0.0,0.0,500,59.916666666666664,0.11566987411635665,2.2,4.0,0.11566987411635665,1407.542720245269,924.9974846960713,181.67120008729398,1.074631920140344,0.9997066541028995,2.815085440490538,91.21629420941126,0.9826756308022658,0,0.9193491868176943,0.9540636265030364,1.0,9.0,32.97982127857763,voltage_sag_0.92,28.851702250432776,23.89585460322942,23.888027403114265,31.800000000000004,"NREL ResStock AMY2018 2024 release 2, baseline upgrade 0, EnergyPlus outputs",39.99999999999999,3.4656531767893086,2.7155349371558803,23.88888888888889,source_sag,0.92
102.04562847224928,load_proportional,1.0,0.0,0.0,dmpc_full_pq,0.0,full,0.0,0.0,500,59.91666666658759,0.11566945187928468,2.2,4.0,0.11566945187928468,1400.2369696652877,1100.0,313.2700000423938,1.0640645510690223,1.0077779579504405,3.474597431565034,227.50555619709039,0.9894934765921355,0,0.9198650928024893,0.9715776162016548,1.0,9.0,118.08759202627341,voltage_sag_0.92,28.851702250432776,23.89585229770912,23.888025427997235,31.800000000000004,"NREL ResStock AMY2018 2024 release 2, baseline upgrade 0, EnergyPlus outputs",39.99999999999999,3.4656531767893086,2.7155349371558803,23.88888888888889,source_sag,0.92
168.05555555555557,load_proportional,1.0,0.0,0.0,no_support,0.0,full,0.0,0.0,500,59.8,0.0,2.2,4.0,0.20000000000000284,1000.0000000000002,0.0,0.008600065484642982,1.076961163640929,1.0001414618335638,2.0000000000000004,0.0028049588696030543,0.9823933649888908,0,0.9186957940916902,0.9611527291347791,1.0,0.0,0.0,voltage_sag_0.94,28.851702250432776,23.88888888888889,23.882294773257463,31.800000000000004,"NREL ResStock AMY2018 2024 release 2, baseline upgrade 0, EnergyPlus outputs",39.99999999999999,3.4656531767893086,2.7155349371558803,23.88888888888889,source_sag,0.94
167.73713325234522,load_proportional,1.0,0.0,0.0,rule_based,0.0,full,0.0,0.0,500,59.800023634496675,0.0,2.2,4.0,0.19997636550332487,1000.0000000000002,518.3150016284555,0.007600057870149612,1.074629240986895,0.9992389503119224,2.2242063692389,0.0027867807614162937,0.9842096153842096,0,0.9231972778886942,0.9652668970543957,1.0,0.0,18.383487809525104,voltage_sag_0.94,28.851702250432776,23.88888888888889,23.882348639357495,31.800000000000004,"NREL ResStock AMY2018 2024 release 2, baseline upgrade 0, EnergyPlus outputs",39.99999999999999,3.4656531767893086,2.7155349371558803,23.88888888888889,source_sag,0.94
102.02619160917104,load_proportional,1.0,0.0,0.0,dmpc_active_only,0.0,full,0.0,0.0,500,59.916666666666664,0.11566987411635665,2.2,4.0,0.11566987411635665,1407.542720245269,0.0,195.34830003976822,1.074631920140344,1.0028179449048558,2.815085440490538,88.38714296979568,0.9868214735722851,0,0.9313630257530854,0.968157823991473,1.0,9.0,0.0,voltage_sag_0.94,28.851702250432776,23.89585460322942,23.888027403114265,31.800000000000004,"NREL ResStock AMY2018 2024 release 2, baseline upgrade 0, EnergyPlus outputs",39.99999999999999,3.4656531767893086,2.7155349371558803,23.88888888888889,source_sag,0.94
102.02619160917104,load_proportional,1.0,0.0,0.0,dmpc_pq,0.0,full,0.0,0.0,500,59.916666666666664,0.11566987411635665,2.2,4.0,0.11566987411635665,1407.542720245269,325.71070764724516,163.10179990250617,1.0746319201403443,0.9997066541028994,2.815085440490538,86.46211488757375,0.987671753576001,0,0.9342165824935049,0.9707524140861119,1.0,9.0,11.282492627158597,voltage_sag_0.94,28.851702250432776,23.89585460322942,23.888027403114265,31.800000000000004,"NREL ResStock AMY2018 2024 release 2, baseline upgrade 0, EnergyPlus outputs",39.99999999999999,3.4656531767893086,2.7155349371558803,23.88888888888889,source_sag,0.94
102.04562846220698,load_proportional,1.0,0.0,0.0,dmpc_full_pq,0.0,full,0.0,0.0,500,59.916666666601174,0.11566945187928468,2.2,4.0,0.11566945187928468,1400.2369702080873,1100.0,307.92940000537783,1.0640645510690223,1.0077779579504405,3.474597432822355,227.23180248040305,0.9973362383624294,0,0.9398688157198121,0.9935747492322491,1.0,9.0,118.08759205988109,voltage_sag_0.94,28.851702250432776,23.895852400988677,23.888025427997235,31.800000000000004,"NREL ResStock AMY2018 2024 release 2, baseline upgrade 0, EnergyPlus outputs",39.99999999999999,3.4656531767893086,2.7155349371558803,23.88888888888889,source_sag,0.94
168.05555555555557,load_proportional,1.0,0.0,0.0,no_support,0.0,full,300.0,600.0,500,59.8,0.0,2.2,4.0,0.20000000000000284,1000.0000000000002,0.0,0.010699965059757233,1.0746293492416323,0.9974895061036828,2.0000000000000004,0.003021489443980958,0.988186859470413,0,0.939925417822806,0.98326685938494,1.0,0.0,0.0,feeder_stress_600kw_300kvar,28.851702250432776,23.88888888888889,23.882294773257463,31.800000000000004,"NREL ResStock AMY2018 2024 release 2, baseline upgrade 0, EnergyPlus outputs",39.99999999999999,3.4656531767893086,2.7155349371558803,23.88888888888889,feeder_load_step,1.0
167.73713325234522,load_proportional,1.0,0.0,0.0,rule_based,0.0,full,300.0,600.0,500,59.800023634496675,0.0,2.2,4.0,0.19997636550332487,1000.0000000000002,0.0,0.010200077667832375,1.0746293492416323,0.9974895061036828,2.0000000000000004,0.0029793384384887277,0.9882083853988594,0,0.939925417822806,0.98326685938494,1.0,0.0,0.0,feeder_stress_600kw_300kvar,28.851702250432776,23.88888888888889,23.882348639357495,31.800000000000004,"NREL ResStock AMY2018 2024 release 2, baseline upgrade 0, EnergyPlus outputs",39.99999999999999,3.4656531767893086,2.7155349371558803,23.88888888888889,feeder_load_step,1.0
102.02619160917104,load_proportional,1.0,0.0,0.0,dmpc_active_only,0.0,full,300.0,600.0,500,59.916666666666664,0.11566987411635665,2.2,4.0,0.11566987411635665,1407.542720245269,0.0,181.39629997313023,1.0746320286388542,0.998369950848991,2.815085440490538,88.00380660725126,0.99136705066276,0,0.9413686217055351,0.9842198458838722,1.0,9.0,0.0,feeder_stress_600kw_300kvar,28.851702250432776,23.89585460322942,23.888027403114265,31.800000000000004,"NREL ResStock AMY2018 2024 release 2, baseline upgrade 0, EnergyPlus outputs",39.99999999999999,3.4656531767893086,2.7155349371558803,23.88888888888889,feeder_load_step,1.0
102.02619160917104,load_proportional,1.0,0.0,0.0,dmpc_pq,0.0,full,300.0,600.0,500,59.916666666666664,0.11566987411635665,2.2,4.0,0.11566987411635665,1407.542720245269,0.0,207.7985000796616,1.0746320286388542,0.998369950848991,2.815085440490538,89.49755372533436,0.99136705066276,0,0.9413686217055351,0.9842198458838722,1.0,9.0,0.0,feeder_stress_600kw_300kvar,28.851702250432776,23.89585460322942,23.888027403114265,31.800000000000004,"NREL ResStock AMY2018 2024 release 2, baseline upgrade 0, EnergyPlus outputs",39.99999999999999,3.4656531767893086,2.7155349371558803,23.88888888888889,feeder_load_step,1.0
101.9744882983794,load_proportional,1.0,0.0,0.0,dmpc_full_pq,0.0,full,300.0,600.0,500,59.91666666659193,0.11566945187928468,2.2,4.0,0.11566945187928468,1340.2104741113676,1099.999999978724,305.7253999868408,1.0672776335352245,1.0085459085447337,3.4676586422469176,227.30574544811668,0.9970129553900553,0,0.9508755198404253,0.9936365588123605,1.0,8.0,95.95465918911752,feeder_stress_600kw_300kvar,28.851702250432776,23.895852427449718,23.888025427997235,31.800000000000004,"NREL ResStock AMY2018 2024 release 2, baseline upgrade 0, EnergyPlus outputs",39.99999999999999,3.4656531767893086,2.7155349371558803,23.88888888888889,feeder_load_step,1.0
168.05555555555557,load_proportional,1.0,0.0,0.0,no_support,0.0,full,450.0,900.0,500,59.8,0.0,2.2,4.0,0.20000000000000284,1000.0000000000002,0.0,0.009299954399466515,1.0808227711134,0.9992389503119228,2.0000000000000004,0.0028066088884206846,0.988911143852309,0,0.9366748724224953,0.982929819514305,1.0,0.0,0.0,feeder_stress_900kw_450kvar,28.851702250432776,23.88888888888889,23.882294773257463,31.800000000000004,"NREL ResStock AMY2018 2024 release 2, baseline upgrade 0, EnergyPlus outputs",39.99999999999999,3.4656531767893086,2.7155349371558803,23.88888888888889,feeder_load_step,1.0
167.73713325234522,load_proportional,1.0,0.0,0.0,rule_based,0.0,full,450.0,900.0,500,59.800023634496675,0.0,2.2,4.0,0.19997636550332487,1000.0000000000002,0.0,0.009699957445263863,1.080824357262477,0.9992389503119228,2.0000000000000004,0.002954548709710275,0.9889329387300023,0,0.9366748724224953,0.982929819514305,1.0,0.0,0.0,feeder_stress_900kw_450kvar,28.851702250432776,23.88888888888889,23.882348639357495,31.800000000000004,"NREL ResStock AMY2018 2024 release 2, baseline upgrade 0, EnergyPlus outputs",39.99999999999999,3.4656531767893086,2.7155349371558803,23.88888888888889,feeder_load_step,1.0
102.02619160917104,load_proportional,1.0,0.0,0.0,dmpc_active_only,0.0,full,450.0,900.0,500,59.916666666666664,0.11566987411635665,2.2,4.0,0.11566987411635665,1407.542720245269,0.0,200.36520005669445,1.0746320286388542,0.998369950848991,2.815085440490538,87.63940000718013,0.9907198910314419,0,0.9370368280136445,0.9821627286476253,1.0,9.0,0.0,feeder_stress_900kw_450kvar,28.851702250432776,23.89585460322942,23.888027403114265,31.800000000000004,"NREL ResStock AMY2018 2024 release 2, baseline upgrade 0, EnergyPlus outputs",39.99999999999999,3.4656531767893086,2.7155349371558803,23.88888888888889,feeder_load_step,1.0
102.02619160917104,load_proportional,1.0,0.0,0.0,dmpc_pq,0.0,full,450.0,900.0,500,59.916666666666664,0.11566987411635665,2.2,4.0,0.11566987411635665,1407.542720245269,0.0,182.16680001933128,1.0746320286388542,0.998369950848991,2.815085440490538,88.21080000647767,0.9907198910314419,0,0.9370368280136445,0.9821627286476253,1.0,9.0,0.0,feeder_stress_900kw_450kvar,28.851702250432776,23.89585460322942,23.888027403114265,31.800000000000004,"NREL ResStock AMY2018 2024 release 2, baseline upgrade 0, EnergyPlus outputs",39.99999999999999,3.4656531767893086,2.7155349371558803,23.88888888888889,feeder_load_step,1.0
101.96095197234773,load_proportional,1.0,0.0,0.0,dmpc_full_pq,0.0,full,450.0,900.0,500,59.91666666656163,0.11566945187928468,2.2,4.0,0.11566945187928468,1356.4318466759885,1099.9999999786876,307.451399974525,1.0684251314258595,1.0077779579504405,3.4927967902457744,225.7488561988508,0.9983244705065447,0,0.9552021071122648,0.9947535499863849,1.0,8.0,103.96119138359013,feeder_stress_900kw_450kvar,28.851702250432776,23.895852433161863,23.888025427997235,31.800000000000004,"NREL ResStock AMY2018 2024 release 2, baseline upgrade 0, EnergyPlus outputs",39.99999999999999,3.4656531767893086,2.7155349371558803,23.88888888888889,feeder_load_step,1.0
168.05555555555557,load_proportional,1.0,0.0,0.0,no_support,0.0,full,600.0,1200.0,500,59.8,0.0,2.2,4.0,0.20000000000000284,1000.0000000000002,0.0,0.007999944500625134,1.087018498907461,0.9992389503119226,2.0000000000000004,0.003024786595285924,0.9872260798441599,0,0.9273768738840793,0.9783664620243763,1.0,0.0,0.0,feeder_stress_1200kw_600kvar,28.851702250432776,23.88888888888889,23.882294773257463,31.800000000000004,"NREL ResStock AMY2018 2024 release 2, baseline upgrade 0, EnergyPlus outputs",39.99999999999999,3.4656531767893086,2.7155349371558803,23.88888888888889,feeder_load_step,1.0
167.73713325234522,load_proportional,1.0,0.0,0.0,rule_based,0.0,full,600.0,1200.0,500,59.800023634496675,0.0,2.2,4.0,0.19997636550332487,1000.0000000000002,45.18317831886134,0.009399955160915852,1.0870203759047725,0.9992389503119226,2.0015092771532625,0.003071079484748939,0.9874687415401645,0,0.9276032975977867,0.978587027454242,1.0,0.0,1.5032371105807298,feeder_stress_1200kw_600kvar,28.851702250432776,23.88888888888889,23.882348639357495,31.800000000000004,"NREL ResStock AMY2018 2024 release 2, baseline upgrade 0, EnergyPlus outputs",39.99999999999999,3.4656531767893086,2.7155349371558803,23.88888888888889,feeder_load_step,1.0
102.02619160917105,load_proportional,1.0,0.0,0.0,dmpc_active_only,0.0,full,600.0,1200.0,500,59.916666666666664,0.11566987411635665,2.2,4.0,0.11566987411635665,1407.542720245269,0.0,219.41669995430857,1.0808505190664064,0.9997066541028998,2.815085440490538,91.17950330592292,0.9914676758215115,0,0.9385129274494832,0.9837943039826422,1.0,9.0,0.0,feeder_stress_1200kw_600kvar,28.851702250432776,23.89585460322942,23.888027403114265,31.800000000000004,"NREL ResStock AMY2018 2024 release 2, baseline upgrade 0, EnergyPlus outputs",39.99999999999999,3.4656531767893086,2.7155349371558803,23.88888888888889,feeder_load_step,1.0
102.02619160917105,load_proportional,1.0,0.0,0.0,dmpc_pq,0.0,full,600.0,1200.0,500,59.916666666666664,0.11566987411635665,2.2,4.0,0.11566987411635665,1407.542720245269,0.0,173.4408000484109,1.0808505190664064,0.9997066541028998,2.815085440490538,88.83609090862441,0.9914676758215115,0,0.9385129274494832,0.9837943039826422,1.0,9.0,0.0,feeder_stress_1200kw_600kvar,28.851702250432776,23.89585460322942,23.888027403114265,31.800000000000004,"NREL ResStock AMY2018 2024 release 2, baseline upgrade 0, EnergyPlus outputs",39.99999999999999,3.4656531767893086,2.7155349371558803,23.88888888888889,feeder_load_step,1.0
101.93612749454367,load_proportional,1.0,0.0,0.0,dmpc_full_pq,0.0,full,600.0,1200.0,500,59.91666659170032,0.11566945187928468,2.2,4.0,0.11566945187928468,1310.6855466321292,1099.999999998936,358.8659999659285,1.0683995057797833,1.0077779579504405,3.4222195149385923,231.63018761152662,0.9979047144848368,0,0.9505926207080347,0.9945626938514021,1.0,8.0,124.76834175708882,feeder_stress_1200kw_600kvar,28.851702250432776,23.895852385750906,23.888025427997235,31.800000000000004,"NREL ResStock AMY2018 2024 release 2, baseline upgrade 0, EnergyPlus outputs",39.99999999999999,3.4656531767893086,2.7155349371558803,23.88888888888889,feeder_load_step,1.0
168.05555555555557,load_proportional,1.0,0.0,0.0,no_support,0.0,full,0.0,0.0,500,59.8,0.0,2.2,4.0,0.20000000000000284,1000.0000000000002,0.0,0.007400056347250938,1.076961163640929,1.0001414618335638,2.0000000000000004,0.002899995142948036,0.9750906053037344,0,0.8987910556631095,0.9396006822590736,1.0,0.0,0.0,headroom_1.00pu,28.851702250432776,23.88888888888889,23.882294773257463,31.800000000000004,"NREL ResStock AMY2018 2024 release 2, baseline upgrade 0, EnergyPlus outputs",39.99999999999999,3.4656531767893086,2.7155349371558803,23.88888888888889,source_sag,0.92
167.73713325234522,load_proportional,1.0,0.0,0.0,rule_based,0.0,full,0.0,0.0,500,59.800023634496675,0.0,2.2,4.0,0.19997636550332487,1000.0000000000002,1100.0,0.010400079190731049,1.0746292409868952,0.9992389503119228,2.9516931089309515,0.00297438357148535,0.9787441686452949,0,0.9091223442246377,0.9491585059138019,1.0,0.0,39.81915729452615,headroom_1.00pu,28.851702250432776,23.88888888888889,23.882348639357495,31.800000000000004,"NREL ResStock AMY2018 2024 release 2, baseline upgrade 0, EnergyPlus outputs",39.99999999999999,3.4656531767893086,2.7155349371558803,23.88888888888889,source_sag,0.92
102.02619160917104,load_proportional,1.0,0.0,0.0,dmpc_active_only,0.0,full,0.0,0.0,500,59.916666666666664,0.11566987411635665,2.2,4.0,0.11566987411635665,1407.542720245269,0.0,187.27910006418824,1.074631920140344,1.0028179449048558,2.815085440490538,91.02458265044318,0.9794372109681071,0,0.9108986724354322,0.9463652441108501,1.0,9.0,0.0,headroom_1.00pu,28.851702250432776,23.89585460322942,23.888027403114265,31.800000000000004,"NREL ResStock AMY2018 2024 release 2, baseline upgrade 0, EnergyPlus outputs",39.99999999999999,3.4656531767893086,2.7155349371558803,23.88888888888889,source_sag,0.92
102.02619160917104,load_proportional,1.0,0.0,0.0,dmpc_pq,0.0,full,0.0,0.0,500,59.916666666666664,0.11566987411635665,2.2,4.0,0.11566987411635665,1407.542720245269,924.9974846960713,175.66379997879267,1.074631920140344,0.9997066541028995,2.815085440490538,87.72701404850223,0.9826756308022658,0,0.9193491868176943,0.9540636265030364,1.0,9.0,32.97982127857763,headroom_1.00pu,28.851702250432776,23.89585460322942,23.888027403114265,31.800000000000004,"NREL ResStock AMY2018 2024 release 2, baseline upgrade 0, EnergyPlus outputs",39.99999999999999,3.4656531767893086,2.7155349371558803,23.88888888888889,source_sag,0.92
102.04562847224928,load_proportional,1.0,0.0,0.0,dmpc_full_pq,0.0,full,0.0,0.0,500,59.91666666658759,0.11566945187928468,2.2,4.0,0.11566945187928468,1400.2369696652877,1100.0,296.35900002904236,1.0640645510690223,1.0077779579504405,3.474597431565034,226.42262148370673,0.9894934765921355,0,0.9198650928024893,0.9715776162016548,1.0,9.0,118.08759202627341,headroom_1.00pu,28.851702250432776,23.89585229770912,23.888025427997235,31.800000000000004,"NREL ResStock AMY2018 2024 release 2, baseline upgrade 0, EnergyPlus outputs",39.99999999999999,3.4656531767893086,2.7155349371558803,23.88888888888889,source_sag,0.92
168.05555555555557,load_proportional,1.0,0.0,0.0,no_support,0.0,full,0.0,0.0,500,59.8,0.0,2.75,5.0,0.20000000000000284,1000.0000000000002,0.0,0.00700005330145359,1.076961163640929,1.0001414618335638,2.0000000000000004,0.0028925599561126767,0.9750906053037344,0,0.8987910556631095,0.9396006822590736,1.0,0.0,0.0,headroom_1.25pu,28.851702250432776,23.88888888888889,23.882294773257463,31.800000000000004,"NREL ResStock AMY2018 2024 release 2, baseline upgrade 0, EnergyPlus outputs",39.99999999999999,3.4656531767893086,2.7155349371558803,23.88888888888889,source_sag,0.92
167.73713325234522,load_proportional,1.0,0.0,0.0,rule_based,0.0,full,0.0,0.0,500,59.800023634496675,0.0,2.75,5.0,0.19997636550332487,1000.0000000000002,1375.0,0.007899943739175797,1.0746292409868952,0.9992389503119228,3.381566531847402,0.0029743787609348613,0.9794989742786945,0,0.9063627599468495,0.9466035143869939,1.0,0.0,45.51640967892177,headroom_1.25pu,28.851702250432776,23.88888888888889,23.882348639357495,31.800000000000004,"NREL ResStock AMY2018 2024 release 2, baseline upgrade 0, EnergyPlus outputs",39.99999999999999,3.4656531767893086,2.7155349371558803,23.88888888888889,source_sag,0.92
102.02619160917104,load_proportional,1.0,0.0,0.0,dmpc_active_only,0.0,full,0.0,0.0,500,59.916666666666664,0.11566987411635665,2.75,5.0,0.11566987411635665,1407.542720245269,0.0,211.69649995863438,1.074631920140344,1.0028179449048558,2.815085440490538,90.62995454816009,0.9794372109681071,0,0.9108986724354322,0.9463652441108501,1.0,9.0,0.0,headroom_1.25pu,28.851702250432776,23.89585460322942,23.888027403114265,31.800000000000004,"NREL ResStock AMY2018 2024 release 2, baseline upgrade 0, EnergyPlus outputs",39.99999999999999,3.4656531767893086,2.7155349371558803,23.88888888888889,source_sag,0.92
102.02619160917104,load_proportional,1.0,0.0,0.0,dmpc_pq,0.0,full,0.0,0.0,500,59.916666666666664,0.11566987411635665,2.75,5.0,0.11566987411635665,1407.542720245269,1156.2468558700891,268.7770000193268,1.074631920140344,0.9997066541028995,2.815085440490538,90.76862314365773,0.9833116458639981,0,0.9168039669295295,0.951743589582876,1.0,9.0,37.637814049412505,headroom_1.25pu,28.851702250432776,23.89585460322942,23.888027403114265,31.800000000000004,"NREL ResStock AMY2018 2024 release 2, baseline upgrade 0, EnergyPlus outputs",39.99999999999999,3.4656531767893086,2.7155349371558803,23.88888888888889,source_sag,0.92
101.89663632812852,load_proportional,1.0,0.0,0.0,dmpc_full_pq,0.0,full,0.0,0.0,500,59.916666666568965,0.11574583005999273,2.75,5.0,0.11574583005999273,1405.2150335413603,1375.0,336.9125999743119,1.0622061784264423,1.006555505839315,3.4939569664792636,238.4363429770951,0.9912382412248723,0,0.9198847912693422,0.9781481586051528,1.0,9.0,146.07649526375639,headroom_1.25pu,28.851702250432776,23.895878501666598,23.88803886728681,31.800000000000004,"NREL ResStock AMY2018 2024 release 2, baseline upgrade 0, EnergyPlus outputs",39.99999999999999,3.4656531767893086,2.7155349371558803,23.88888888888889,source_sag,0.92
168.05555555555557,load_proportional,1.0,0.0,0.0,no_support,0.0,full,0.0,0.0,500,59.8,0.0,3.3000000000000003,6.0,0.20000000000000284,1000.0000000000002,0.0,0.01610000617802143,1.076961163640929,1.0001414618335638,2.0000000000000004,0.003204132576496148,0.9750906053037344,0,0.8987910556631095,0.9396006822590736,1.0,0.0,0.0,headroom_1.50pu,28.851702250432776,23.88888888888889,23.882294773257463,31.800000000000004,"NREL ResStock AMY2018 2024 release 2, baseline upgrade 0, EnergyPlus outputs",39.99999999999999,3.4656531767893086,2.7155349371558803,23.88888888888889,source_sag,0.92
167.73713325234522,load_proportional,1.0,0.0,0.0,rule_based,0.0,full,0.0,0.0,500,59.800023634496675,0.0,3.3000000000000003,6.0,0.19997636550332487,1000.0000000000002,1650.0000000000002,0.009399955160915852,1.0746292409868952,0.9992389503119228,3.8421988768556044,0.0030404949668517782,0.9801586365730537,0,0.9015149851830134,0.9421188113502421,1.0,0.0,50.19512610992606,headroom_1.50pu,28.851702250432776,23.88888888888889,23.882348639357495,31.800000000000004,"NREL ResStock AMY2018 2024 release 2, baseline upgrade 0, EnergyPlus outputs",39.99999999999999,3.4656531767893086,2.7155349371558803,23.88888888888889,source_sag,0.92
102.02619160917104,load_proportional,1.0,0.0,0.0,dmpc_active_only,0.0,full,0.0,0.0,500,59.916666666666664,0.11566987411635665,3.3000000000000003,6.0,0.11566987411635665,1407.542720245269,0.0,182.39560001529753,1.074631920140344,1.0028179449048558,2.815085440490538,92.72874628139799,0.9794372109681071,0,0.9108986724354322,0.9463652441108501,1.0,9.0,0.0,headroom_1.50pu,28.851702250432776,23.89585460322942,23.888027403114265,31.800000000000004,"NREL ResStock AMY2018 2024 release 2, baseline upgrade 0, EnergyPlus outputs",39.99999999999999,3.4656531767893086,2.7155349371558803,23.88888888888889,source_sag,0.92
102.02619160917104,load_proportional,1.0,0.0,0.0,dmpc_pq,0.0,full,0.0,0.0,500,59.916666666666664,0.11566987411635665,3.3000000000000003,6.0,0.11566987411635665,1407.542720245269,1387.496227044107,209.19690001755953,1.0746319201403443,0.9997066541028998,2.839116609131532,92.13326612491284,0.9837522344802831,0,0.9124529645577751,0.9477803298234381,1.0,9.0,41.390561240134794,headroom_1.50pu,28.851702250432776,23.89585460322942,23.888027403114265,31.800000000000004,"NREL ResStock AMY2018 2024 release 2, baseline upgrade 0, EnergyPlus outputs",39.99999999999999,3.4656531767893086,2.7155349371558803,23.88888888888889,source_sag,0.92
101.93689706801888,load_proportional,1.0,0.0,0.0,dmpc_full_pq,0.0,full,0.0,0.0,500,59.916666666600776,0.1157584957582074,3.3000000000000003,6.0,0.1157584957582074,1405.1824568995232,1650.0,335.4256999446079,1.062774489701103,1.009488535108313,3.493852123374567,230.9434371865701,0.9938368698104264,0,0.9199044102588103,0.9847051694197126,1.0,9.0,174.5368910684463,headroom_1.50pu,28.851702250432776,23.89588812112336,23.888046845913436,31.800000000000004,"NREL ResStock AMY2018 2024 release 2, baseline upgrade 0, EnergyPlus outputs",39.99999999999999,3.4656531767893086,2.7155349371558803,23.88888888888889,source_sag,0.92
100.83333333333334,load_proportional,1.0,0.0,0.0,no_support,0.0,full,0.0,0.0,300,59.8,0.0,2.2,4.0,0.20000000000000284,600.0000000000001,0.0,0.010999967344105244,1.0708321643426992,0.999583707476415,2.0000000000000004,0.003152893479020635,0.9771188131691528,0,0.9057030728163162,0.9434869885940909,1.0,0.0,0.0,fleet_300,17.311021350259665,23.88888888888889,23.882294773257463,31.800000000000004,"NREL ResStock AMY2018 2024 release 2, baseline upgrade 0, EnergyPlus outputs",39.99999999999999,3.4656531767893086,2.7155349371558803,23.88888888888889,source_sag,0.92
100.64205815287099,load_proportional,1.0,0.0,0.0,rule_based,0.0,full,0.0,0.0,300,59.800014182797796,0.0,2.2,4.0,0.19998581720220443,600.0000000000001,602.4934826971862,0.010399962775409222,1.0684057961219358,0.9968688562044676,2.8117078737599264,0.0029355287551879883,0.9795626492479629,0,0.9148552691190903,0.9518802365931428,1.0,0.0,25.31575307139769,fleet_300,17.311021350259665,23.88888888888889,23.88234870191771,31.800000000000004,"NREL ResStock AMY2018 2024 release 2, baseline upgrade 0, EnergyPlus outputs",39.99999999999999,3.4656531767893086,2.7155349371558803,23.88888888888889,source_sag,0.92
61.41801492882868,load_proportional,1.0,0.0,0.0,dmpc_active_only,0.0,full,0.0,0.0,300,59.87,0.06938358319380455,2.2,4.0,0.13000000000000256,882.3039806815511,0.0,180.3682999452576,1.0708576578704598,1.0016516534732096,2.941013268938504,89.76949173533781,0.9791546769530656,0,0.9129794406058258,0.947507578458448,1.0,9.0,0.0,fleet_300,17.311021350259665,23.89584433354952,23.888022132151,31.800000000000004,"NREL ResStock AMY2018 2024 release 2, baseline upgrade 0, EnergyPlus outputs",39.99999999999999,3.4656531767893086,2.7155349371558803,23.88888888888889,source_sag,0.92
61.41801492882868,load_proportional,1.0,0.0,0.0,dmpc_pq,0.0,full,0.0,0.0,300,59.87,0.06938358319380455,2.2,4.0,0.13000000000000256,882.3039806815511,536.1486148769909,198.74719996005297,1.0684070980786897,0.9971011018636708,2.941013268938504,90.39259421031092,0.9811219873176789,0,0.9198166295315505,0.9550344646185784,1.0,9.0,22.481990814208235,fleet_300,17.311021350259665,23.89584433354952,23.888022132151,31.800000000000004,"NREL ResStock AMY2018 2024 release 2, baseline upgrade 0, EnergyPlus outputs",39.99999999999999,3.4656531767893086,2.7155349371558803,23.88888888888889,source_sag,0.92
61.40449045589433,load_proportional,1.0,0.0,0.0,dmpc_full_pq,0.0,full,0.0,0.0,300,59.86999999994848,0.06938358318473803,2.2,4.0,0.1300000000515169,871.9656362707958,660.0,326.8664999632165,1.068428493145897,1.0018783595054574,3.2039775441068343,232.31109999666714,0.9864688245909267,0,0.9198376508301753,0.9622749764138959,1.0,9.0,63.28786234099566,fleet_300,17.311021350259665,23.895844058493026,23.888022132151708,31.800000000000004,"NREL ResStock AMY2018 2024 release 2, baseline upgrade 0, EnergyPlus outputs",39.99999999999999,3.4656531767893086,2.7155349371558803,23.88888888888889,source_sag,0.92
168.05555555555557,load_proportional,1.0,0.0,0.0,no_support,0.0,full,0.0,0.0,500,59.8,0.0,2.2,4.0,0.20000000000000284,1000.0000000000002,0.0,0.009999959729611874,1.076961163640929,1.0001414618335638,2.0000000000000004,0.003014043673934523,0.9750906053037344,0,0.8987910556631095,0.9396006822590736,1.0,0.0,0.0,fleet_500,28.851702250432776,23.88888888888889,23.882294773257463,31.800000000000004,"NREL ResStock AMY2018 2024 release 2, baseline upgrade 0, EnergyPlus outputs",39.99999999999999,3.4656531767893086,2.7155349371558803,23.88888888888889,source_sag,0.92
167.73713325234522,load_proportional,1.0,0.0,0.0,rule_based,0.0,full,0.0,0.0,500,59.800023634496675,0.0,2.2,4.0,0.19997636550332487,1000.0000000000002,1100.0,0.01079996582120657,1.0746292409868952,0.9992389503119228,2.9516931089309515,0.003066945297658936,0.9787441686452949,0,0.9091223442246377,0.9491585059138019,1.0,0.0,39.81915729452615,fleet_500,28.851702250432776,23.88888888888889,23.882348639357495,31.800000000000004,"NREL ResStock AMY2018 2024 release 2, baseline upgrade 0, EnergyPlus outputs",39.99999999999999,3.4656531767893086,2.7155349371558803,23.88888888888889,source_sag,0.92
102.02619160917104,load_proportional,1.0,0.0,0.0,dmpc_active_only,0.0,full,0.0,0.0,500,59.916666666666664,0.11566987411635665,2.2,4.0,0.11566987411635665,1407.542720245269,0.0,196.27159996889532,1.074631920140344,1.0028179449048558,2.815085440490538,90.24060165609642,0.9794372109681071,0,0.9108986724354322,0.9463652441108501,1.0,9.0,0.0,fleet_500,28.851702250432776,23.89585460322942,23.888027403114265,31.800000000000004,"NREL ResStock AMY2018 2024 release 2, baseline upgrade 0, EnergyPlus outputs",39.99999999999999,3.4656531767893086,2.7155349371558803,23.88888888888889,source_sag,0.92
102.02619160917104,load_proportional,1.0,0.0,0.0,dmpc_pq,0.0,full,0.0,0.0,500,59.916666666666664,0.11566987411635665,2.2,4.0,0.11566987411635665,1407.542720245269,924.9974846960713,185.8105999417603,1.074631920140344,0.9997066541028995,2.815085440490538,89.51993553402781,0.9826756308022658,0,0.9193491868176943,0.9540636265030364,1.0,9.0,32.97982127857763,fleet_500,28.851702250432776,23.89585460322942,23.888027403114265,31.800000000000004,"NREL ResStock AMY2018 2024 release 2, baseline upgrade 0, EnergyPlus outputs",39.99999999999999,3.4656531767893086,2.7155349371558803,23.88888888888889,source_sag,0.92
102.04562847224928,load_proportional,1.0,0.0,0.0,dmpc_full_pq,0.0,full,0.0,0.0,500,59.91666666658759,0.11566945187928468,2.2,4.0,0.11566945187928468,1400.2369696652877,1100.0,363.86279994621873,1.0640645510690223,1.0077779579504405,3.474597431565034,233.35750743819878,0.9894934765921355,0,0.9198650928024893,0.9715776162016548,1.0,9.0,118.08759202627341,fleet_500,28.851702250432776,23.89585229770912,23.888025427997235,31.800000000000004,"NREL ResStock AMY2018 2024 release 2, baseline upgrade 0, EnergyPlus outputs",39.99999999999999,3.4656531767893086,2.7155349371558803,23.88888888888889,source_sag,0.92
235.2777777777778,load_proportional,1.0,0.0,0.0,no_support,0.0,full,0.0,0.0,700,59.8,0.0,2.2,4.0,0.20000000000000284,1400.0000000000002,0.0,0.007200054824352264,1.080818688891613,0.9973196215165377,2.0000000000000004,0.00296859840346762,0.9730877686156143,0,0.8919049400836971,0.9357304552350492,1.0,0.0,0.0,fleet_700,40.39238315060589,23.88888888888889,23.882294773257463,31.800000000000004,"NREL ResStock AMY2018 2024 release 2, baseline upgrade 0, EnergyPlus outputs",39.99999999999999,3.4656531767893086,2.7155349371558803,23.88888888888889,source_sag,0.92
234.83250326188372,load_proportional,1.0,0.0,0.0,rule_based,0.0,full,0.0,0.0,700,59.80003308339774,0.0,2.2,4.0,0.19996691660225707,1400.0000000000002,1540.0000000000002,0.008100061677396297,1.080818688891613,0.9972200346047988,2.9517111463370234,0.002963637763803655,0.978869006724737,0,0.9007091123234423,0.9438790011005724,1.0,0.0,53.31544522082855,fleet_700,40.39238315060589,23.88888888888889,23.882348576896746,31.800000000000004,"NREL ResStock AMY2018 2024 release 2, baseline upgrade 0, EnergyPlus outputs",39.99999999999999,3.4656531767893086,2.7155349371558803,23.88888888888889,source_sag,0.92
143.43181224451732,load_proportional,1.0,0.0,0.0,dmpc_active_only,0.0,full,0.0,0.0,700,59.944220952667536,0.16196377304521548,2.2,4.0,0.16196377304521548,1957.5396177550092,0.0,185.49399997573346,1.0808204252781557,1.0015345971285103,2.7964851682214418,89.2224165260761,0.9773937236958647,0,0.9088193175622551,0.9452177586826497,1.0,9.0,0.0,fleet_700,40.39238315060589,23.895780994848156,23.888031415340944,31.800000000000004,"NREL ResStock AMY2018 2024 release 2, baseline upgrade 0, EnergyPlus outputs",39.99999999999999,3.4656531767893086,2.7155349371558803,23.88888888888889,source_sag,0.92
143.43181224451732,load_proportional,1.0,0.0,0.0,dmpc_pq,0.0,full,0.0,0.0,700,59.944220952667536,0.16196377304521548,2.2,4.0,0.16196377304521548,1957.5396177550092,1339.1780551928719,196.4735999936238,1.0808204252781557,0.9974750441470304,2.7964851682214418,89.55861321815928,0.9818465181401833,0,0.91253040441543,0.9486060131054411,1.0,9.0,41.45156869341745,fleet_700,40.39238315060589,23.895780994848156,23.888031415340944,31.800000000000004,"NREL ResStock AMY2018 2024 release 2, baseline upgrade 0, EnergyPlus outputs",39.99999999999999,3.4656531767893086,2.7155349371558803,23.88888888888889,source_sag,0.92
143.55146625521405,load_proportional,1.0,0.0,0.0,dmpc_full_pq,0.0,full,0.0,0.0,700,59.941202594065494,0.16206893410736,2.2,4.0,0.16206893410736,1813.4459138674167,1540.0000000000002,364.2177999718115,1.0649291368901521,1.0094265422504498,3.3987350806846077,227.82617602362643,0.9925051571488703,0,0.9198917279223692,0.9807768445190069,1.0,6.0,174.29514128733038,fleet_700,40.39238315060589,23.895779894947612,23.88804981798615,31.800000000000004,"NREL ResStock AMY2018 2024 release 2, baseline upgrade 0, EnergyPlus outputs",39.99999999999999,3.4656531767893086,2.7155349371558803,23.88888888888889,source_sag,0.92
58.147222222222226,load_proportional,1.0,0.0,0.0,no_support,0.0,full,0.0,0.0,173,59.8,0.0,2.2,4.0,0.20000000000000284,346.00000000000006,0.0,0.010999967344105244,1.0708480474204047,1.0023274495858316,2.0000000000000004,0.002834708275935374,0.9797722500909403,0,0.9101014174919425,0.9459259809713659,1.0,0.0,0.0,tcl_share_10pct,10.0,23.88888888888889,23.882294773257463,31.800000000000004,"NREL ResStock AMY2018 2024 release 2, baseline upgrade 0, EnergyPlus outputs",39.99999999999999,3.4656531767893086,2.7155349371558803,23.88888888888889,source_sag,0.92
58.03683887694703,load_proportional,1.0,0.0,0.0,rule_based,0.0,full,0.0,0.0,173,59.800008179515885,0.0,2.2,4.0,0.19999182048411512,346.00000000000006,324.2290300653175,0.01100008375942707,1.068421204418379,0.9996233925947277,2.7174950902104857,0.0028809915442974112,0.9809118372345461,0,0.9162931272911002,0.9515710722449642,1.0,0.0,15.31408264931481,tcl_share_10pct,10.0,23.88888888888889,23.882348741695168,31.800000000000004,"NREL ResStock AMY2018 2024 release 2, baseline upgrade 0, EnergyPlus outputs",39.99999999999999,3.4656531767893086,2.7155349371558803,23.88888888888889,source_sag,0.92
35.51467635369931,load_proportional,1.0,0.0,0.0,dmpc_active_only,0.0,full,0.0,0.0,173,59.84036666666667,0.04000333200421835,2.2,4.0,0.15963333333333196,518.9999999999999,0.0,174.37579995021224,1.0684220126864301,0.9999703644272829,2.9999999999999996,88.0837272737206,0.9804628450274548,0,0.9143014272176009,0.9482302602444257,1.0,9.0,0.0,tcl_share_10pct,10.0,23.89583698405658,23.88801853580829,31.800000000000004,"NREL ResStock AMY2018 2024 release 2, baseline upgrade 0, EnergyPlus outputs",39.99999999999999,3.4656531767893086,2.7155349371558803,23.88888888888889,source_sag,0.92
35.51467635369931,load_proportional,1.0,0.0,0.0,dmpc_pq,0.0,full,0.0,0.0,173,59.84036666666667,0.04000333200421835,2.2,4.0,0.15963333333333196,518.9999999999999,302.3022509182326,188.1655000615865,1.0684220126864301,0.9997686935582314,2.9999999999999996,87.91219752689838,0.9821228086558637,0,0.9198126379420771,0.9535262097684717,1.0,9.0,14.269228924036781,tcl_share_10pct,10.0,23.89583698405658,23.88801853580829,31.800000000000004,"NREL ResStock AMY2018 2024 release 2, baseline upgrade 0, EnergyPlus outputs",39.99999999999999,3.4656531767893086,2.7155349371558803,23.88888888888889,source_sag,0.92
35.5145264699796,load_proportional,1.0,0.0,0.0,dmpc_full_pq,0.0,full,0.0,0.0,173,59.84036666664405,0.040003331999642455,2.2,4.0,0.15963333335594854,518.7602426281218,380.6,356.2390999868512,1.0684318995079412,1.002038267642916,3.1994524249425638,229.35292727798839,0.9843985389402221,0,0.919821859451554,0.9567084395127792,1.0,8.0,35.00627636419209,tcl_share_10pct,10.0,23.89583671311299,23.888018535808392,31.800000000000004,"NREL ResStock AMY2018 2024 release 2, baseline upgrade 0, EnergyPlus outputs",39.99999999999999,3.4656531767893086,2.7155349371558803,23.88888888888889,source_sag,0.92
116.63055555555556,load_proportional,1.0,0.0,0.0,no_support,0.0,full,0.0,0.0,347,59.8,0.0,2.2,4.0,0.20000000000000284,694.0000000000001,0.0,0.009299954399466515,1.0746487155382909,1.000881601708878,2.0000000000000004,0.0030289255929264155,0.9772930857593688,0,0.9040770944872782,0.9425786439190674,1.0,0.0,0.0,tcl_share_20pct,20.0,23.88888888888889,23.882294773257463,31.800000000000004,"NREL ResStock AMY2018 2024 release 2, baseline upgrade 0, EnergyPlus outputs",39.99999999999999,3.4656531767893086,2.7155349371558803,23.88888888888889,source_sag,0.92
116.40937425534625,load_proportional,1.0,0.0,0.0,rule_based,0.0,full,0.0,0.0,347,59.80001640419861,0.0,2.2,4.0,0.1999835958013918,694.0000000000001,714.221384257903,0.0078000593930482864,1.0746487155382913,1.0008816017088782,2.847614122331895,0.002923969002363603,0.9801939996068151,0,0.9139097528341216,0.9516150150018193,1.0,0.0,28.83688603569321,tcl_share_20pct,20.0,23.88888888888889,23.88234868720711,31.800000000000004,"NREL ResStock AMY2018 2024 release 2, baseline upgrade 0, EnergyPlus outputs",39.99999999999999,3.4656531767893086,2.7155349371558803,23.88888888888889,source_sag,0.92
70.97978782751532,load_proportional,1.0,0.0,0.0,dmpc_active_only,0.0,full,0.0,0.0,347,59.880966666666666,0.08025916734369076,2.2,4.0,0.11903333333333421,1010.2628210580449,0.0,186.68139993678778,1.0746503027369025,1.0013526501377423,2.911420233596671,88.0319099057435,0.9797114040245675,0,0.9124903364909388,0.9472395953843057,1.0,9.0,0.0,tcl_share_20pct,20.0,23.89584693531487,23.888023433496954,31.800000000000004,"NREL ResStock AMY2018 2024 release 2, baseline upgrade 0, EnergyPlus outputs",39.99999999999999,3.4656531767893086,2.7155349371558803,23.88888888888889,source_sag,0.92
70.97978782751532,load_proportional,1.0,0.0,0.0,dmpc_pq,0.0,full,0.0,0.0,347,59.880966666666666,0.08025916734369076,2.2,4.0,0.11903333333333421,1010.2628210580449,625.260042176178,175.06089992821217,1.0746503027369025,1.0011613883538426,2.911420233596671,86.73053471206049,0.9820762143090015,0,0.9198169770947073,0.9552047821880474,1.0,9.0,25.177566712788312,tcl_share_20pct,20.0,23.89584693531487,23.888023433496954,31.800000000000004,"NREL ResStock AMY2018 2024 release 2, baseline upgrade 0, EnergyPlus outputs",39.99999999999999,3.4656531767893086,2.7155349371558803,23.88888888888889,source_sag,0.92
70.97703331022775,load_proportional,1.0,0.0,0.0,dmpc_full_pq,0.0,full,0.0,0.0,347,59.88096666660566,0.08025916796260191,2.2,4.0,0.11903333339434141,1004.5018280471386,763.4000000000001,324.0178000414744,1.0622062752059866,1.0014658743260971,3.533296363682213,226.24879999640436,0.9861227768450689,0,0.9198440928405593,0.9644498234321527,1.0,9.0,80.53491946229316,tcl_share_20pct,20.0,23.895846650565304,23.888023414717317,31.800000000000004,"NREL ResStock AMY2018 2024 release 2, baseline upgrade 0, EnergyPlus outputs",39.99999999999999,3.4656531767893086,2.7155349371558803,23.88888888888889,source_sag,0.92
174.7777777777778,load_proportional,1.0,0.0,0.0,no_support,0.0,full,0.0,0.0,520,59.8,0.0,2.2,4.0,0.20000000000000284,1040.0000000000002,0.0,0.007200054824352264,1.0769585079567647,0.999693452681955,2.0000000000000004,0.0030074349396731243,0.9754163709700969,0,0.8981013584790272,0.9392145932260959,1.0,0.0,0.0,tcl_share_30pct,30.0,23.88888888888889,23.882294773257463,31.800000000000004,"NREL ResStock AMY2018 2024 release 2, baseline upgrade 0, EnergyPlus outputs",39.99999999999999,3.4656531767893086,2.7155349371558803,23.88888888888889,source_sag,0.92
174.4466569939356,load_proportional,1.0,0.0,0.0,rule_based,0.0,full,0.0,0.0,520,59.80002457951266,0.0,2.2,4.0,0.19997542048734118,1040.0000000000002,1144.0,0.00609993003308773,1.0746266661232626,0.9987899490047418,2.951694913275606,0.002903300953243882,0.9792448402811548,0,0.9084127117048172,0.9487569735090373,1.0,0.0,41.202862183636725,tcl_share_30pct,30.0,23.88888888888889,23.88234863310697,31.800000000000004,"NREL ResStock AMY2018 2024 release 2, baseline upgrade 0, EnergyPlus outputs",39.99999999999999,3.4656531767893086,2.7155349371558803,23.88888888888889,source_sag,0.92
106.0768399187004,load_proportional,1.0,0.0,0.0,dmpc_active_only,0.0,full,0.0,0.0,520,59.92133333333334,0.12029928096706044,2.2,4.0,0.12029928096706044,1457.2961803289077,0.0,191.42290006857365,1.0746295024295813,1.0026901632335816,2.8024926544786686,90.63030496116511,0.9795925037041245,0,0.910690672694802,0.9462507267416411,1.0,9.0,0.0,tcl_share_30pct,30.0,23.895855483691626,23.888027877812036,31.800000000000004,"NREL ResStock AMY2018 2024 release 2, baseline upgrade 0, EnergyPlus outputs",39.99999999999999,3.4656531767893086,2.7155349371558803,23.88888888888889,source_sag,0.92
106.0768399187004,load_proportional,1.0,0.0,0.0,dmpc_pq,0.0,full,0.0,0.0,520,59.92133333333334,0.12029928096706044,2.2,4.0,0.12029928096706044,1457.2961803289077,965.2728263297087,201.56549999956042,1.0746295024295813,0.9992845673034492,2.8024926544786686,89.06315289695617,0.9829748870517858,0,0.9188880395602033,0.9537204107890953,1.0,9.0,33.906580837730026,tcl_share_30pct,30.0,23.895855483691626,23.888027877812036,31.800000000000004,"NREL ResStock AMY2018 2024 release 2, baseline upgrade 0, EnergyPlus outputs",39.99999999999999,3.4656531767893086,2.7155349371558803,23.88888888888889,source_sag,0.92
105.72276400805679,load_proportional,1.0,0.0,0.0,dmpc_full_pq,0.0,full,0.0,0.0,520,59.92133333317661,0.12039103670111473,2.2,4.0,0.12039103670111473,1449.9662539655278,1144.0,318.95350001286715,1.0647960022596163,1.0075862234552864,3.4639851911163535,231.44928926182527,0.9893241603111355,0,0.919867798654459,0.9725038257572445,1.0,10.0,128.90108187915942,tcl_share_30pct,30.0,23.89591474242785,23.88807328539523,31.800000000000004,"NREL ResStock AMY2018 2024 release 2, baseline upgrade 0, EnergyPlus outputs",39.99999999999999,3.4656531767893086,2.7155349371558803,23.88888888888889,source_sag,0.92
232.925,load_proportional,1.0,0.0,0.0,no_support,0.0,full,0.0,0.0,693,59.8,0.0,2.2,4.0,0.20000000000000284,1386.0000000000002,0.0,0.0072999391704797745,1.0769349268581474,0.9974811022085944,2.0000000000000004,0.0028231369777898157,0.97265173883628,0,0.8921455810453626,0.9358666375989115,1.0,0.0,0.0,tcl_share_40pct,40.0,23.88888888888889,23.882294773257463,31.800000000000004,"NREL ResStock AMY2018 2024 release 2, baseline upgrade 0, EnergyPlus outputs",39.99999999999999,3.4656531767893086,2.7155349371558803,23.88888888888889,source_sag,0.92
232.4841603390195,load_proportional,1.0,0.0,0.0,rule_based,0.0,full,0.0,0.0,693,59.800032752733436,0.0,2.2,4.0,0.19996724726656367,1386.0000000000002,1524.6000000000001,0.008600065484642982,1.0808197868108507,0.9973812661357948,2.951710515254357,0.0029297532082712355,0.9789622752726287,0,0.9010512577008332,0.9441099235765771,1.0,0.0,52.85507413503017,tcl_share_40pct,40.0,23.88888888888889,23.882348579081196,31.800000000000004,"NREL ResStock AMY2018 2024 release 2, baseline upgrade 0, EnergyPlus outputs",39.99999999999999,3.4656531767893086,2.7155349371558803,23.88888888888889,source_sag,0.92
141.97642238154722,load_proportional,1.0,0.0,0.0,dmpc_active_only,0.0,full,0.0,0.0,693,59.94378935336046,0.16034362894558285,2.2,4.0,0.16034362894558285,1962.8999882714102,0.0,179.70410000998527,1.0808190865552159,1.0015797230508616,2.8324675155431605,90.43958512219515,0.9774265353769103,0,0.9088920718762271,0.9452580070999846,1.0,9.0,0.0,tcl_share_40pct,40.0,23.8957854656288,23.88803130798758,31.800000000000004,"NREL ResStock AMY2018 2024 release 2, baseline upgrade 0, EnergyPlus outputs",39.99999999999999,3.4656531767893086,2.7155349371558803,23.88888888888889,source_sag,0.92
141.97642238154722,load_proportional,1.0,0.0,0.0,dmpc_pq,0.0,full,0.0,0.0,693,59.94378935336046,0.16034362894558285,2.2,4.0,0.16034362894558285,1962.8999882714102,1324.2520857039005,196.28180004656315,1.0808190865552165,0.9972784277960778,2.8324675155431605,90.65541405373152,0.981903889601642,0,0.9128527884989561,0.9488739193858,1.0,9.0,41.18556901762009,tcl_share_40pct,40.0,23.8957854656288,23.88803130798758,31.800000000000004,"NREL ResStock AMY2018 2024 release 2, baseline upgrade 0, EnergyPlus outputs",39.99999999999999,3.4656531767893086,2.7155349371558803,23.88888888888889,source_sag,0.92
142.06946306422446,load_proportional,1.0,0.0,0.0,dmpc_full_pq,0.0,full,0.0,0.0,693,59.9408624869983,0.16044839751915418,2.2,4.0,0.16044839751915418,1809.3636035799489,1524.6000000000001,313.74370004050434,1.0646101530453103,1.0093527898556565,3.384189911615252,230.93129173575417,0.9923528981356574,0,0.9198908111426177,0.980457184213771,1.0,6.0,172.52567877674167,tcl_share_40pct,40.0,23.89578453581175,23.88804985274979,31.800000000000004,"NREL ResStock AMY2018 2024 release 2, baseline upgrade 0, EnergyPlus outputs",39.99999999999999,3.4656531767893086,2.7155349371558803,23.88888888888889,source_sag,0.92
58.147222222222226,weak_bus_prioritized,1.0,0.0,0.0,no_support,0.0,full,0.0,0.0,173,59.8,0.0,2.2,4.0,0.20000000000000284,346.00000000000006,0.0,0.008200062438845634,1.070846001508855,0.9901101161411704,2.0000000000000004,0.0029752080998391157,0.9666261942919318,0,0.9058099494432024,0.9310913303088625,1.0,0.0,0.0,weak_bus_tcl_share_10pct,10.0,23.88888888888889,23.882294773257463,31.800000000000004,"NREL ResStock AMY2018 2024 release 2, baseline upgrade 0, EnergyPlus outputs",39.99999999999999,3.4656531767893086,2.7155349371558803,23.88888888888889,source_sag,0.92
58.03683887694703,weak_bus_prioritized,1.0,0.0,0.0,rule_based,0.0,full,0.0,0.0,173,59.800008179515885,0.0,2.2,4.0,0.19999182048411512,346.00000000000006,380.6,0.008200062438845634,1.0684191652110724,0.9873988458413958,2.951663588821059,0.0028776857340015653,0.9696048377497385,0,0.9189502547565376,0.9422285594927021,1.0,0.0,20.341293924242134,weak_bus_tcl_share_10pct,10.0,23.88888888888889,23.882348741695168,31.800000000000004,"NREL ResStock AMY2018 2024 release 2, baseline upgrade 0, EnergyPlus outputs",39.99999999999999,3.4656531767893086,2.7155349371558803,23.88888888888889,source_sag,0.92
35.51467635369931,weak_bus_prioritized,1.0,0.0,0.0,dmpc_active_only,0.0,full,0.0,0.0,173,59.84036666666667,0.04000333200421835,2.2,4.0,0.15963333333333196,518.9999999999999,0.0,191.58739992417395,1.0684200699107886,0.9880956186261023,2.9999999999999996,88.20716859214778,0.9678948417678276,0,0.913009669523097,0.9346007031972051,1.0,9.0,0.0,weak_bus_tcl_share_10pct,10.0,23.89583698405658,23.88801853580829,31.800000000000004,"NREL ResStock AMY2018 2024 release 2, baseline upgrade 0, EnergyPlus outputs",39.99999999999999,3.4656531767893086,2.7155349371558803,23.88888888888889,source_sag,0.92
35.51467635369931,weak_bus_prioritized,1.0,0.0,0.0,dmpc_pq,0.0,full,0.0,0.0,173,59.84036666666667,0.04000333200421835,2.2,4.0,0.15963333333333196,518.9999999999999,380.6,174.25590008497238,1.0684200699107886,0.9876273207320982,3.00638510374972,89.95539338755121,0.970683904113441,0,0.919816761049398,0.9447754184454273,1.0,9.0,19.07600810407464,weak_bus_tcl_share_10pct,10.0,23.89583698405658,23.88801853580829,31.800000000000004,"NREL ResStock AMY2018 2024 release 2, baseline upgrade 0, EnergyPlus outputs",39.99999999999999,3.4656531767893086,2.7155349371558803,23.88888888888889,source_sag,0.92
35.5019523726423,weak_bus_prioritized,1.0,0.0,0.0,dmpc_full_pq,0.0,full,0.0,0.0,173,59.84036666664583,0.040003331998477165,2.2,4.0,0.15963333335417218,514.7490766831179,380.6,317.74810003116727,1.068435872502825,0.9919081022504546,3.299963135255763,230.8792619935183,0.9745791050283056,0,0.9198213358634453,0.946970896126708,1.0,8.0,36.84191321363458,weak_bus_tcl_share_10pct,10.0,23.89583673258438,23.888018535809223,31.800000000000004,"NREL ResStock AMY2018 2024 release 2, baseline upgrade 0, EnergyPlus outputs",39.99999999999999,3.4656531767893086,2.7155349371558803,23.88888888888889,source_sag,0.92
116.63055555555556,weak_bus_prioritized,1.0,0.0,0.0,no_support,0.0,full,0.0,0.0,347,59.8,0.0,2.2,4.0,0.20000000000000284,694.0000000000001,0.0,0.0078000593930482864,1.0746437819338563,0.9876281749308297,2.0000000000000004,0.0032933952271445724,0.9624188807731786,0,0.8955178700209345,0.9259885376413655,1.0,0.0,0.0,weak_bus_tcl_share_20pct,20.0,23.88888888888889,23.882294773257463,31.800000000000004,"NREL ResStock AMY2018 2024 release 2, baseline upgrade 0, EnergyPlus outputs",39.99999999999999,3.4656531767893086,2.7155349371558803,23.88888888888889,source_sag,0.92
116.40937425534625,weak_bus_prioritized,1.0,0.0,0.0,rule_based,0.0,full,0.0,0.0,347,59.80001640419861,0.0,2.2,4.0,0.1999835958013918,694.0000000000001,763.4000000000001,0.07890001870691776,1.0746437819338566,0.9876281749308302,2.9516793012475087,0.0036429731206090985,0.9692787554921635,0,0.9158048519120662,0.943477557603467,1.0,0.0,40.23892988713564,weak_bus_tcl_share_20pct,20.0,23.88888888888889,23.88234868720711,31.800000000000004,"NREL ResStock AMY2018 2024 release 2, baseline upgrade 0, EnergyPlus outputs",39.99999999999999,3.4656531767893086,2.7155349371558803,23.88888888888889,source_sag,0.92
70.97978782751535,weak_bus_prioritized,1.0,0.0,0.0,dmpc_active_only,0.0,full,0.0,0.0,347,59.880966666666666,0.08025916734369076,2.2,4.0,0.11903333333333421,1010.2628210580449,0.0,229.77580002043396,1.0746456196554919,0.9924065603186097,2.911420233596671,89.51097686124643,0.9666323713919406,0,0.909902934195283,0.933092474551498,1.0,9.0,0.0,weak_bus_tcl_share_20pct,20.0,23.89584693531487,23.888023433496954,31.800000000000004,"NREL ResStock AMY2018 2024 release 2, baseline upgrade 0, EnergyPlus outputs",39.99999999999999,3.4656531767893086,2.7155349371558803,23.88888888888889,source_sag,0.92
70.97978782751535,weak_bus_prioritized,1.0,0.0,0.0,dmpc_pq,0.0,full,0.0,0.0,347,59.880966666666666,0.08025916734369076,2.2,4.0,0.11903333333333421,1010.2628210580449,763.4000000000001,174.17130002286285,1.0746456196554919,0.9880720117817772,2.9213444544308897,89.19561239659848,0.9718287085410564,0,0.9198174370293648,0.9460504744350435,1.0,9.0,33.57870895320144,weak_bus_tcl_share_20pct,20.0,23.89584693531487,23.888023433496954,31.800000000000004,"NREL ResStock AMY2018 2024 release 2, baseline upgrade 0, EnergyPlus outputs",39.99999999999999,3.4656531767893086,2.7155349371558803,23.88888888888889,source_sag,0.92
70.77709140696392,weak_bus_prioritized,1.0,0.0,0.0,dmpc_full_pq,0.0,full,0.0,0.0,347,59.88096666661964,0.080338809295462,2.2,4.0,0.11903333338035793,981.9394114972774,763.4000000000001,357.47549997176975,1.0622005102893946,0.9972990546078578,3.584375629576625,232.34699008416786,0.979040255273482,0,0.9198449519639773,0.9589777687965393,1.0,7.0,88.1852594634772,weak_bus_tcl_share_20pct,20.0,23.895890220858206,23.888048374114135,31.800000000000004,"NREL ResStock AMY2018 2024 release 2, baseline upgrade 0, EnergyPlus outputs",39.99999999999999,3.4656531767893086,2.7155349371558803,23.88888888888889,source_sag,0.92
174.7777777777778,weak_bus_prioritized,1.0,0.0,0.0,no_support,0.0,full,0.0,0.0,520,59.8,0.0,2.2,4.0,0.20000000000000284,1040.0000000000002,0.0,0.0068999361246824265,1.0769496939819125,0.9841899025596684,2.0000000000000004,0.0027074307311049177,0.9593890583989165,0,0.8853618860407032,0.9208917913470112,1.0,0.0,0.0,weak_bus_tcl_share_30pct,30.0,23.88888888888889,23.882294773257463,31.800000000000004,"NREL ResStock AMY2018 2024 release 2, baseline upgrade 0, EnergyPlus outputs",39.99999999999999,3.4656531767893086,2.7155349371558803,23.88888888888889,source_sag,0.92
174.44665699393553,weak_bus_prioritized,1.0,0.0,0.0,rule_based,0.0,full,0.0,0.0,520,59.80002457951266,0.0,2.2,4.0,0.19997542048734118,1040.0000000000002,1144.0,0.006700051017105579,1.0746189695364534,0.9816174674919558,2.9732137494637016,0.003007442636553906,0.9687578440168004,0,0.9066666556726641,0.9394843180313954,1.0,0.0,56.65709125866684,weak_bus_tcl_share_30pct,30.0,23.88888888888889,23.88234863310697,31.800000000000004,"NREL ResStock AMY2018 2024 release 2, baseline upgrade 0, EnergyPlus outputs",39.99999999999999,3.4656531767893086,2.7155349371558803,23.88888888888889,source_sag,0.92
106.0768399187004,weak_bus_prioritized,1.0,0.0,0.0,dmpc_active_only,0.0,full,0.0,0.0,520,59.92133333333334,0.12029928096706044,2.2,4.0,0.12029928096706044,1457.2961803289077,0.0,187.91400000918657,1.0746217508401348,0.9906797962320225,2.8024926544786686,88.23214132292581,0.9649822473984704,0,0.9068189775396068,0.9315861544702683,1.0,9.0,0.0,weak_bus_tcl_share_30pct,30.0,23.895855483691626,23.888027877812036,31.800000000000004,"NREL ResStock AMY2018 2024 release 2, baseline upgrade 0, EnergyPlus outputs",39.99999999999999,3.4656531767893086,2.7155349371558803,23.88888888888889,source_sag,0.92
106.0768399187004,weak_bus_prioritized,1.0,0.0,0.0,dmpc_pq,0.0,full,0.0,0.0,520,59.92133333333334,0.12029928096706044,2.2,4.0,0.12029928096706044,1457.2961803289077,1144.0,196.85719988774508,1.0746217508401348,0.9872382502837146,2.8265612102107496,90.05704876093179,0.9726458256054724,0,0.9162681422744676,0.9395773216796844,1.0,9.0,43.47796369404553,weak_bus_tcl_share_30pct,30.0,23.895855483691626,23.888027877812036,31.800000000000004,"NREL ResStock AMY2018 2024 release 2, baseline upgrade 0, EnergyPlus outputs",39.99999999999999,3.4656531767893086,2.7155349371558803,23.88888888888889,source_sag,0.92
105.72434531672187,weak_bus_prioritized,1.0,0.0,0.0,dmpc_full_pq,0.0,full,0.0,0.0,520,59.921333333134235,0.12042189174900386,2.2,4.0,0.12042189174900386,1410.5995008380225,1144.0,428.0397000256926,1.0621647474739042,1.0067847438290116,3.492662930584616,234.70748429887058,0.9854086595790098,0,0.9198687042516723,0.9712351304907204,1.0,8.0,145.42874459689506,weak_bus_tcl_share_30pct,30.0,23.895902871157364,23.888056024739075,31.800000000000004,"NREL ResStock AMY2018 2024 release 2, baseline upgrade 0, EnergyPlus outputs",39.99999999999999,3.4656531767893086,2.7155349371558803,23.88888888888889,source_sag,0.92
232.925,weak_bus_prioritized,1.0,0.0,0.0,no_support,0.0,full,0.0,0.0,693,59.8,0.0,2.2,4.0,0.20000000000000284,1386.0000000000002,0.0,0.007700058631598949,1.0830777289420153,0.9818359117026877,2.0000000000000004,0.003061987544325265,0.9555987611548805,0,0.8752911588538684,0.9157524214148856,1.0,0.0,0.0,weak_bus_tcl_share_40pct,40.0,23.88888888888889,23.882294773257463,31.800000000000004,"NREL ResStock AMY2018 2024 release 2, baseline upgrade 0, EnergyPlus outputs",39.99999999999999,3.4656531767893086,2.7155349371558803,23.88888888888889,source_sag,0.92
232.4841603390195,weak_bus_prioritized,1.0,0.0,0.0,rule_based,0.0,full,0.0,0.0,693,59.800032752733436,0.0,2.2,4.0,0.19996724726656367,1386.0000000000002,1524.6000000000001,0.00909995287656784,1.0746159245602975,0.984040884707929,2.9732137494637016,0.0030776843705699465,0.9679435982804762,0,0.8927229063464897,0.9311337442614334,1.0,0.0,76.1270355021675,weak_bus_tcl_share_40pct,40.0,23.88888888888889,23.882348579081196,31.800000000000004,"NREL ResStock AMY2018 2024 release 2, baseline upgrade 0, EnergyPlus outputs",39.99999999999999,3.4656531767893086,2.7155349371558803,23.88888888888889,source_sag,0.92
141.97642238154722,weak_bus_prioritized,1.0,0.0,0.0,dmpc_active_only,0.0,full,0.0,0.0,693,59.94378935336046,0.16034362894558285,2.2,4.0,0.16034362894558285,1962.8999882714102,0.0,179.64370001573116,1.0808467119410639,0.9889310962727931,2.8324675155431605,89.91846363810622,0.9632250572308136,0,0.9037403067352742,0.9300733362364592,1.0,9.0,0.0,weak_bus_tcl_share_40pct,40.0,23.8957854656288,23.88803130798758,31.800000000000004,"NREL ResStock AMY2018 2024 release 2, baseline upgrade 0, EnergyPlus outputs",39.99999999999999,3.4656531767893086,2.7155349371558803,23.88888888888889,source_sag,0.92
141.97642238154722,weak_bus_prioritized,1.0,0.0,0.0,dmpc_pq,0.0,full,0.0,0.0,693,59.94378935336046,0.16034362894558285,2.2,4.0,0.16034362894558285,1962.8999882714102,1524.6000000000001,251.3178000226617,1.0746223234364085,0.9875070875575542,2.848056834945901,90.32723388234385,0.9720158078377359,0,0.9037403067352742,0.9300733362364592,1.0,9.0,55.55758653382269,weak_bus_tcl_share_40pct,40.0,23.8957854656288,23.88803130798758,31.800000000000004,"NREL ResStock AMY2018 2024 release 2, baseline upgrade 0, EnergyPlus outputs",39.99999999999999,3.4656531767893086,2.7155349371558803,23.88888888888889,source_sag,0.92
141.93246222402726,weak_bus_prioritized,1.0,0.0,0.0,dmpc_full_pq,0.0,full,0.0,0.0,693,59.93935075075306,0.16050745111122922,2.2,4.0,0.16050745111122922,1800.7458083549093,1524.6000000000001,332.79559994116426,1.0576124999997607,1.0079332954193976,3.40471615170612,229.59962975972695,0.9903185841104122,0,0.9198918968779591,0.9832654708447438,1.0,7.0,195.4051856212443,weak_bus_tcl_share_40pct,40.0,23.895790657030457,23.888054720883336,31.800000000000004,"NREL ResStock AMY2018 2024 release 2, baseline upgrade 0, EnergyPlus outputs",39.99999999999999,3.4656531767893086,2.7155349371558803,23.88888888888889,source_sag,0.92
168.05555555555557,load_proportional,0.5,0.0,0.0,no_support,0.0,full,0.0,0.0,500,59.8,0.0,2.2,4.0,0.20000000000000284,1000.0000000000002,0.0,0.010699965059757233,1.076961163640929,1.0001414618335638,2.0000000000000004,0.0030165220695463095,0.9750906053037344,0,0.8987910556631095,0.9396006822590736,1.0,0.0,0.0,comfort_0.5C,28.851702250432776,23.88888888888889,23.882294773257463,31.800000000000004,"NREL ResStock AMY2018 2024 release 2, baseline upgrade 0, EnergyPlus outputs",39.99999999999999,3.4656531767893086,2.7155349371558803,23.88888888888889,source_sag,0.92
167.41988672509936,load_proportional,0.5,0.0,0.0,rule_based,0.0,full,0.0,0.0,500,59.80004766253224,0.0,2.2,4.0,0.19995233746775654,1000.0000000000002,1100.0,0.008299946784973145,1.0746292409868952,0.9992389503119228,2.930445782520686,0.0031090886062703845,0.9787600533815977,0,0.9090051575169357,0.9490499736109137,1.0,0.0,39.78627127197796,comfort_0.5C,28.851702250432776,23.88888888888889,23.882402344414558,31.800000000000004,"NREL ResStock AMY2018 2024 release 2, baseline upgrade 0, EnergyPlus outputs",39.99999999999999,3.4656531767893086,2.7155349371558803,23.88888888888889,source_sag,0.92
102.02619160917104,load_proportional,0.5,0.0,0.0,dmpc_active_only,0.0,full,0.0,0.0,500,59.916666666666664,0.11566987411635665,2.2,4.0,0.11566987411635665,1407.542720245269,0.0,202.5780000258237,1.074631920140344,1.0028179449048558,2.815085440490538,89.4703562015452,0.9794372109681071,0,0.9108986724354322,0.9463652441108501,1.0,9.0,0.0,comfort_0.5C,28.851702250432776,23.89585460322942,23.888027403114265,31.800000000000004,"NREL ResStock AMY2018 2024 release 2, baseline upgrade 0, EnergyPlus outputs",39.99999999999999,3.4656531767893086,2.7155349371558803,23.88888888888889,source_sag,0.92
102.02619160917104,load_proportional,0.5,0.0,0.0,dmpc_pq,0.0,full,0.0,0.0,500,59.916666666666664,0.11566987411635665,2.2,4.0,0.11566987411635665,1407.542720245269,924.9974846960713,188.44389996957034,1.074631920140344,0.9997066541028995,2.815085440490538,90.5214214922614,0.9826756308022658,0,0.9193491868176943,0.9540636265030364,1.0,9.0,32.97982127857763,comfort_0.5C,28.851702250432776,23.89585460322942,23.888027403114265,31.800000000000004,"NREL ResStock AMY2018 2024 release 2, baseline upgrade 0, EnergyPlus outputs",39.99999999999999,3.4656531767893086,2.7155349371558803,23.88888888888889,source_sag,0.92
102.0456284730065,load_proportional,0.5,0.0,0.0,dmpc_full_pq,0.0,full,0.0,0.0,500,59.916666666597756,0.1156694518853314,2.2,4.0,0.1156694518853314,1400.2369697642303,1100.0,309.9730999674648,1.0640645510701214,1.0077779579503845,3.47459743192055,231.93804214589207,0.9894934767728967,0,0.9198650928024907,0.9715776162020663,1.0,9.0,118.08759328574519,comfort_0.5C,28.851702250432776,23.895852305096245,23.88802542799596,31.800000000000004,"NREL ResStock AMY2018 2024 release 2, baseline upgrade 0, EnergyPlus outputs",39.99999999999999,3.4656531767893086,2.7155349371558803,23.88888888888889,source_sag,0.92
168.05555555555557,load_proportional,1.0,0.0,0.0,no_support,0.0,full,0.0,0.0,500,59.8,0.0,2.2,4.0,0.20000000000000284,1000.0000000000002,0.0,0.011800089851021767,1.076961163640929,1.0001414618335638,2.0000000000000004,0.003199995503075852,0.9750906053037344,0,0.8987910556631095,0.9396006822590736,1.0,0.0,0.0,comfort_1.0C,28.851702250432776,23.88888888888889,23.882294773257463,31.800000000000004,"NREL ResStock AMY2018 2024 release 2, baseline upgrade 0, EnergyPlus outputs",39.99999999999999,3.4656531767893086,2.7155349371558803,23.88888888888889,source_sag,0.92
167.73713325234522,load_proportional,1.0,0.0,0.0,rule_based,0.0,full,0.0,0.0,500,59.800023634496675,0.0,2.2,4.0,0.19997636550332487,1000.0000000000002,1100.0,0.013999990187585354,1.0746292409868952,0.9992389503119228,2.9516931089309515,0.0032578500695834476,0.9787441686452949,0,0.9091223442246377,0.9491585059138019,1.0,0.0,39.81915729452615,comfort_1.0C,28.851702250432776,23.88888888888889,23.882348639357495,31.800000000000004,"NREL ResStock AMY2018 2024 release 2, baseline upgrade 0, EnergyPlus outputs",39.99999999999999,3.4656531767893086,2.7155349371558803,23.88888888888889,source_sag,0.92
102.02619160917104,load_proportional,1.0,0.0,0.0,dmpc_active_only,0.0,full,0.0,0.0,500,59.916666666666664,0.11566987411635665,2.2,4.0,0.11566987411635665,1407.542720245269,0.0,191.23490003403276,1.074631920140344,1.0028179449048558,2.815085440490538,90.31611156923127,0.9794372109681071,0,0.9108986724354322,0.9463652441108501,1.0,9.0,0.0,comfort_1.0C,28.851702250432776,23.89585460322942,23.888027403114265,31.800000000000004,"NREL ResStock AMY2018 2024 release 2, baseline upgrade 0, EnergyPlus outputs",39.99999999999999,3.4656531767893086,2.7155349371558803,23.88888888888889,source_sag,0.92
102.02619160917104,load_proportional,1.0,0.0,0.0,dmpc_pq,0.0,full,0.0,0.0,500,59.916666666666664,0.11566987411635665,2.2,4.0,0.11566987411635665,1407.542720245269,924.9974846960713,168.1048000464216,1.074631920140344,0.9997066541028995,2.815085440490538,88.75475867077985,0.9826756308022658,0,0.9193491868176943,0.9540636265030364,1.0,9.0,32.97982127857763,comfort_1.0C,28.851702250432776,23.89585460322942,23.888027403114265,31.800000000000004,"NREL ResStock AMY2018 2024 release 2, baseline upgrade 0, EnergyPlus outputs",39.99999999999999,3.4656531767893086,2.7155349371558803,23.88888888888889,source_sag,0.92
102.04562847224928,load_proportional,1.0,0.0,0.0,dmpc_full_pq,0.0,full,0.0,0.0,500,59.91666666658759,0.11566945187928468,2.2,4.0,0.11566945187928468,1400.2369696652877,1100.0,318.61179997213185,1.0640645510690223,1.0077779579504405,3.474597431565034,231.34623967064928,0.9894934765921355,0,0.9198650928024893,0.9715776162016548,1.0,9.0,118.08759202627341,comfort_1.0C,28.851702250432776,23.89585229770912,23.888025427997235,31.800000000000004,"NREL ResStock AMY2018 2024 release 2, baseline upgrade 0, EnergyPlus outputs",39.99999999999999,3.4656531767893086,2.7155349371558803,23.88888888888889,source_sag,0.92
168.05555555555557,load_proportional,2.0,0.0,0.0,no_support,0.0,full,0.0,0.0,500,59.8,0.0,2.2,4.0,0.20000000000000284,1000.0000000000002,0.0,0.008100061677396297,1.076961163640929,1.0001414618335638,2.0000000000000004,0.0028710721891896784,0.9750906053037344,0,0.8987910556631095,0.9396006822590736,1.0,0.0,0.0,comfort_2.0C,28.851702250432776,23.88888888888889,23.882294773257463,31.800000000000004,"NREL ResStock AMY2018 2024 release 2, baseline upgrade 0, EnergyPlus outputs",39.99999999999999,3.4656531767893086,2.7155349371558803,23.88888888888889,source_sag,0.92
167.89619765011193,load_proportional,2.0,0.0,0.0,rule_based,0.0,full,0.0,0.0,500,59.800011767880186,0.0,2.2,4.0,0.1999882321198143,1000.0000000000002,1100.0,0.005900044925510883,1.0746292409868952,0.9992389503119228,2.962419384929846,0.002886771901764653,0.9787361986745977,0,0.9091811605887324,0.9492129790188494,1.0,0.0,39.8356580764747,comfort_2.0C,28.851702250432776,23.88888888888889,23.882321726372293,31.800000000000004,"NREL ResStock AMY2018 2024 release 2, baseline upgrade 0, EnergyPlus outputs",39.99999999999999,3.4656531767893086,2.7155349371558803,23.88888888888889,source_sag,0.92
102.02619160917104,load_proportional,2.0,0.0,0.0,dmpc_active_only,0.0,full,0.0,0.0,500,59.916666666666664,0.11566987411635665,2.2,4.0,0.11566987411635665,1407.542720245269,0.0,175.56370003148913,1.074631920140344,1.0028179449048558,2.815085440490538,90.32638099483285,0.9794372109681071,0,0.9108986724354322,0.9463652441108501,1.0,9.0,0.0,comfort_2.0C,28.851702250432776,23.89585460322942,23.888027403114265,31.800000000000004,"NREL ResStock AMY2018 2024 release 2, baseline upgrade 0, EnergyPlus outputs",39.99999999999999,3.4656531767893086,2.7155349371558803,23.88888888888889,source_sag,0.92
102.02619160917104,load_proportional,2.0,0.0,0.0,dmpc_pq,0.0,full,0.0,0.0,500,59.916666666666664,0.11566987411635665,2.2,4.0,0.11566987411635665,1407.542720245269,924.9974846960713,214.6905999397859,1.074631920140344,0.9997066541028995,2.815085440490538,90.8387818244817,0.9826756308022658,0,0.9193491868176943,0.9540636265030364,1.0,9.0,32.97982127857763,comfort_2.0C,28.851702250432776,23.89585460322942,23.888027403114265,31.800000000000004,"NREL ResStock AMY2018 2024 release 2, baseline upgrade 0, EnergyPlus outputs",39.99999999999999,3.4656531767893086,2.7155349371558803,23.88888888888889,source_sag,0.92
102.04562846768987,load_proportional,2.0,0.0,0.0,dmpc_full_pq,0.0,full,0.0,0.0,500,59.91666666657223,0.11566945187584565,2.2,4.0,0.11566945187584565,1400.2369695505265,1100.0,338.34090002346784,1.064064551067064,1.007777957950494,3.474597431139035,231.5358958651566,0.9894934768487929,0,0.9198650928024869,0.9715776162010207,1.0,9.0,118.08759385655237,comfort_2.0C,28.851702250432776,23.895852290749005,23.888025427998528,31.800000000000004,"NREL ResStock AMY2018 2024 release 2, baseline upgrade 0, EnergyPlus outputs",39.99999999999999,3.4656531767893086,2.7155349371558803,23.88888888888889,source_sag,0.92
134.44444444444446,load_proportional,1.0,0.0,0.0,no_support,0.0,monte_carlo,0.0,0.0,400,59.8,0.0,2.2,4.0,0.20000000000000284,800.0000000000002,0.0,0.006700051017105579,1.074641987505271,1.0014641157975273,2.0000000000000004,0.003008262354357183,0.9693978053802309,2,0.8825107079406334,0.9203785023746364,1.0,0.0,0.0,mc_001,23.08136180034622,23.88888888888889,23.882294773257467,31.800000000000004,"NREL ResStock AMY2018 2024 release 2, baseline upgrade 0, EnergyPlus outputs",39.99999999999999,3.4656531767893086,2.7155349371558803,23.88888888888889,source_sag,0.9
133.89563421120369,load_proportional,1.0,0.0,0.0,rule_based,0.0,monte_carlo,0.0,0.0,400,59.800038908639564,0.0,2.2,4.0,0.19996109136043572,800.0000000000002,880.0000000000001,0.009899958968162537,1.0746419875052713,1.0014641157975273,2.9732137494637016,0.002960334839838103,0.9749528249074254,2,0.8998341367229777,0.9392897917337524,1.0,0.0,50.11111111111112,mc_001,23.08136180034622,23.88888888888889,23.88241085128272,31.800000000000004,"NREL ResStock AMY2018 2024 release 2, baseline upgrade 0, EnergyPlus outputs",39.99999999999999,3.4656531767893086,2.7155349371558803,23.88888888888889,source_sag,0.9
83.12141538983691,load_proportional,1.0,0.0,0.0,dmpc_active_only,0.0,monte_carlo,0.0,0.0,400,59.89333333333333,0.09207945470366496,2.2,4.0,0.10666666666666913,1348.628014830351,0.0,162.98200003802776,1.0746471044670016,1.0034550230128116,3.3715700370758777,86.24134132203699,0.9710035579872592,2,0.8919384265071355,0.9255993301209767,1.0,27.0,0.0,mc_001,23.08136180034622,23.89574260398174,23.88799487741118,31.800000000000004,"NREL ResStock AMY2018 2024 release 2, baseline upgrade 0, EnergyPlus outputs",39.99999999999999,3.4656531767893086,2.7155349371558803,23.88888888888889,source_sag,0.9
83.12141538983693,load_proportional,1.0,0.0,0.0,dmpc_pq,0.0,monte_carlo,0.0,0.0,400,59.89333333333333,0.09207945470366496,2.2,4.0,0.10666666666666913,1348.628014830351,880.0000000000001,168.09930000454187,1.0746471044670016,1.0006040662693287,3.3715700370758777,88.22120330585089,0.9755909015522628,2,0.8998465843996433,0.9424861951392464,1.0,27.0,46.090761533656874,mc_001,23.08136180034622,23.89574260398174,23.88799487741118,31.800000000000004,"NREL ResStock AMY2018 2024 release 2, baseline upgrade 0, EnergyPlus outputs",39.99999999999999,3.4656531767893086,2.7155349371558803,23.88888888888889,source_sag,0.9
83.05727807921357,load_proportional,1.0,0.0,0.0,dmpc_full_pq,0.0,monte_carlo,0.0,0.0,400,59.89333333327695,0.09215693792396706,2.2,4.0,0.1066666667230507,1313.7048936513213,880.0000000000001,352.0027999766171,1.0622158801734396,1.003840931397096,3.953021429326604,226.46495702480203,0.9797308707469764,2,0.8998534088709859,0.9448556224204537,1.0,25.0,93.55946371935623,mc_001,23.08136180034622,23.895760241735694,23.88800141495099,31.800000000000004,"NREL ResStock AMY2018 2024 release 2, baseline upgrade 0, EnergyPlus outputs",39.99999999999999,3.4656531767893086,2.7155349371558803,23.88888888888889,source_sag,0.9
134.44444444444446,load_proportional,1.0,0.0,0.0,no_support,0.0,monte_carlo,0.0,0.0,400,59.8,0.0,2.2,4.0,0.20000000000000284,800.0000000000002,0.0,0.00909995287656784,1.074641987505271,1.0014641157975273,2.0000000000000004,0.0029570261432119637,0.9693978053802309,0,0.8825107079406334,0.9203785023746364,1.0,0.0,0.0,mc_002,23.08136180034622,23.88888888888889,23.8822947732575,31.800000000000004,"NREL ResStock AMY2018 2024 release 2, baseline upgrade 0, EnergyPlus outputs",39.99999999999999,3.4656531767893086,2.7155349371558803,23.88888888888889,source_sag,0.9
133.87554952387688,load_proportional,1.0,0.0,0.0,rule_based,0.0,monte_carlo,0.0,0.0,400,59.8000688283884,0.0,2.2,4.0,0.19993117161160257,800.0000000000002,880.0000000000001,0.006700051017105579,1.0746419875052713,1.0014641157975273,2.9732137494637016,0.0029297541703813333,0.974953807269138,0,0.8998341367229777,0.9392897917337524,1.0,0.0,50.11111111111112,mc_002,23.08136180034622,23.88888888888889,23.882415095098423,31.800000000000004,"NREL ResStock AMY2018 2024 release 2, baseline upgrade 0, EnergyPlus outputs",39.99999999999999,3.4656531767893086,2.7155349371558803,23.88888888888889,source_sag,0.9
82.14117901526078,load_proportional,1.0,0.0,0.0,dmpc_active_only,0.0,monte_carlo,0.0,0.0,400,59.89333333333333,0.0924501185858091,2.2,4.0,0.10666666666666913,1134.3401173865634,0.0,203.762499964796,1.0746474368773697,1.0034550230128116,2.8358502934664083,88.51105206422815,0.9723063289197714,0,0.8919384265071355,0.9255993301209767,1.0,10.0,0.0,mc_002,23.08136180034622,23.89584120981818,23.888033546798923,31.800000000000004,"NREL ResStock AMY2018 2024 release 2, baseline upgrade 0, EnergyPlus outputs",39.99999999999999,3.4656531767893086,2.7155349371558803,23.88888888888889,source_sag,0.9
82.14117901526078,load_proportional,1.0,0.0,0.0,dmpc_pq,0.0,monte_carlo,0.0,0.0,400,59.89333333333333,0.0924501185858091,2.2,4.0,0.10666666666666913,1134.3401173865634,880.0000000000001,165.7184000359848,1.0746474368773702,1.001522568436333,2.8358502934664083,87.93581322351208,0.976851493873918,0,0.8998465843996433,0.9424861951392464,1.0,10.0,46.090761533656874,mc_002,23.08136180034622,23.89584120981818,23.888033546798923,31.800000000000004,"NREL ResStock AMY2018 2024 release 2, baseline upgrade 0, EnergyPlus outputs",39.99999999999999,3.4656531767893086,2.7155349371558803,23.88888888888889,source_sag,0.9
82.15395300748338,load_proportional,1.0,0.0,0.0,dmpc_full_pq,0.0,monte_carlo,0.0,0.0,400,59.893333333292254,0.09245023442669265,2.2,4.0,0.1066666667077456,1131.2637434268947,880.0000000000001,304.54089993145317,1.0622156035579184,1.0037919656464322,3.483115268382539,225.05786281352295,0.9798047575511876,0,0.8998534088709887,0.9448556224212509,1.0,9.0,93.63558185051572,mc_002,23.08136180034622,23.895839304035405,23.888031847998672,31.800000000000004,"NREL ResStock AMY2018 2024 release 2, baseline upgrade 0, EnergyPlus outputs",39.99999999999999,3.4656531767893086,2.7155349371558803,23.88888888888889,source_sag,0.9
134.44444444444446,load_proportional,1.0,0.0,0.0,no_support,0.0,monte_carlo,0.0,0.0,400,59.8,0.0,2.2,4.0,0.20000000000000284,800.0000000000002,0.0,0.009399955160915852,1.074641987505271,1.0014641157975273,2.0000000000000004,0.0030892585550457976,0.9693978053802309,0,0.8825107079406334,0.9203785023746364,1.0,0.0,0.0,mc_003,23.08136180034622,23.88888888888889,23.88229477325751,31.800000000000004,"NREL ResStock AMY2018 2024 release 2, baseline upgrade 0, EnergyPlus outputs",39.99999999999999,3.4656531767893086,2.7155349371558803,23.88888888888889,source_sag,0.9
133.6570305184289,load_proportional,1.0,0.0,0.0,rule_based,0.0,monte_carlo,0.0,0.0,400,59.8000037383542,0.0,2.2,4.0,0.19999626164580064,800.0000000000002,880.0000000000001,0.008500064723193645,1.0746419875052713,1.0014641157975273,2.9732137494637016,0.0028768583193175064,0.9749668997566658,0,0.8998341367229777,0.9392897917337524,1.0,0.0,50.11111111111112,mc_003,23.08136180034622,23.88888888888889,23.882461388165442,31.800000000000004,"NREL ResStock AMY2018 2024 release 2, baseline upgrade 0, EnergyPlus outputs",39.99999999999999,3.4656531767893086,2.7155349371558803,23.88888888888889,source_sag,0.9
82.03425712839166,load_proportional,1.0,0.0,0.0,dmpc_active_only,0.0,monte_carlo,0.0,0.0,400,59.89333333333333,0.09255931316761234,2.2,4.0,0.10666666666666913,1199.9999999999998,0.0,180.1058000419289,1.0746439464021253,1.0034550230128116,2.9999999999999996,88.42978182090985,0.9725008305478245,0,0.8919384265071355,0.9255993301209767,1.0,10.0,0.0,mc_003,23.08136180034622,23.89588821573996,23.888057148205792,31.800000000000004,"NREL ResStock AMY2018 2024 release 2, baseline upgrade 0, EnergyPlus outputs",39.99999999999999,3.4656531767893086,2.7155349371558803,23.88888888888889,source_sag,0.9
82.03425712839166,load_proportional,1.0,0.0,0.0,dmpc_pq,0.0,monte_carlo,0.0,0.0,400,59.89333333333333,0.09255931316761234,2.2,4.0,0.10666666666666913,1199.9999999999998,880.0000000000001,189.20219992287457,1.0746439464021253,1.0018080874320061,2.9999999999999996,89.88481322361142,0.9770460429591191,0,0.8998465843996433,0.9424861951392464,1.0,10.0,46.090761533656874,mc_003,23.08136180034622,23.89588821573996,23.888057148205792,31.800000000000004,"NREL ResStock AMY2018 2024 release 2, baseline upgrade 0, EnergyPlus outputs",39.99999999999999,3.4656531767893086,2.7155349371558803,23.88888888888889,source_sag,0.9
82.0534768491527,load_proportional,1.0,0.0,0.0,dmpc_full_pq,0.0,monte_carlo,0.0,0.0,400,59.89333333327301,0.09255942759347136,2.2,4.0,0.1066666667269871,1200.000000656274,880.0000000000001,334.53380002174526,1.0622161162640593,1.0038827276328215,3.6866273195020662,228.47751487423628,0.979821485864402,0,0.899853408870987,0.9448556224207081,1.0,10.0,93.70742747184102,mc_003,23.08136180034622,23.895886190794148,23.888055349110378,31.800000000000004,"NREL ResStock AMY2018 2024 release 2, baseline upgrade 0, EnergyPlus outputs",39.99999999999999,3.4656531767893086,2.7155349371558803,23.88888888888889,source_sag,0.9
